Geography,Date of Publication,EffectiveMonth,EffectiveYear,100p_1person,100p_2person,100p_3person,100p_4person,100p_5person,100p_6person,100p_7person,100p_8person,each_additional,,100p_month_1person,100p_month_2person,100p_month_3person,100p_month_4person,100p_month_5person,100p_month_6person,100p_month_7person,100p_month_8person,100p_month_9person,100p_month_10person,100p_month_11person,100p_month_12person,100p_month_13person,100p_month_14person,,130p_month_1person,130p_month_2person,130p_month_3person,130p_month_4person,130p_month_5person,130p_month_6person,130p_month_7person,130p_month_8person,130p_month_9person,130p_month_10person,130p_month_11person,130p_month_12person,130p_month_13person,130p_month_14person,,165p_month_1person,165p_month_2person,165p_month_3person,165p_month_4person,165p_month_5person,165p_month_6person,165p_month_7person,165p_month_8person,165p_month_9person,165p_month_10person,165p_month_11person,165p_month_12person,165p_month_13person,165p_month_14person,,Federal Register Citation,HTML Link
CONUS,December 1965,10,1965,1540,1990,2440,3130,3685,4135,4635,5135,500,,128.33,165.83,203.33,260.83,307.08,344.58,386.25,427.92,469.58,511.25,552.92,594.58,636.25,677.92,,166.83,215.58,264.33,339.08,399.21,447.96,502.13,556.29,610.46,664.63,718.79,772.96,827.13,881.29,,211.75,273.63,335.50,430.38,506.69,568.56,637.31,706.06,774.81,843.56,912.31,981.06,1049.81,1118.56,,"2024 Vol. 89, No. 11, January 17, 2024, pp. 2961-2963",https://www.govinfo.gov/content/pkg/FR-2024-01-17/pdf/2024-00796.pdf
CONUS,August 1967,10,1967,1600,2000,2500,3200,3800,4200,4700,5300,500,,133.33,166.67,208.33,266.67,316.67,350.00,391.67,441.67,483.33,525.00,566.67,608.33,650.00,691.67,,173.33,216.67,270.83,346.67,411.67,455.00,509.17,574.17,628.33,682.50,736.67,790.83,845.00,899.17,,220.00,275.00,343.75,440.00,522.50,577.50,646.25,728.75,797.50,866.25,935.00,1003.75,1072.50,1141.25,,"2023 Vol. 88, No. 12, January 19, 2023, pp. 3424-3425",https://www.govinfo.gov/content/pkg/FR-2023-01-19/pdf/2023-00885.pdf
CONUS,September 1968,10,1968,1600,2100,2600,3300,3900,4400,4900,5400,500,,133.33,175.00,216.67,275.00,325.00,366.67,408.33,450.00,491.67,533.33,575.00,616.67,658.33,700.00,,173.33,227.50,281.67,357.50,422.50,476.67,530.83,585.00,639.17,693.33,747.50,801.67,855.83,910.00,,220.00,288.75,357.50,453.75,536.25,605.00,673.75,742.50,811.25,880.00,948.75,1017.50,1086.25,1155.00,,"2022 Vol. 87, No. 14, January 21, 2022, pp. 3315-3316",https://www.govinfo.gov/content/pkg/FR-2022-01-21/pdf/2022-01166.pdf
CONUS,December 1969,10,1969,1800,2400,3000,3600,4200,4800,5400,6000,600,,150.00,200.00,250.00,300.00,350.00,400.00,450.00,500.00,550.00,600.00,650.00,700.00,750.00,800.00,,195.00,260.00,325.00,390.00,455.00,520.00,585.00,650.00,715.00,780.00,845.00,910.00,975.00,1040.00,,247.50,330.00,412.50,495.00,577.50,660.00,742.50,825.00,907.50,990.00,1072.50,1155.00,1237.50,1320.00,,"2021 Vol. 86, No. 19, February 1, 2021, pp. 7732-7734",https://www.govinfo.gov/content/pkg/FR-2021-02-01/pdf/2021-01969.pdf
CONUS,December 1970,10,1970,1900,2500,3100,3800,4400,5000,5600,6200,600,,158.33,208.33,258.33,316.67,366.67,416.67,466.67,516.67,566.67,616.67,666.67,716.67,766.67,816.67,,205.83,270.83,335.83,411.67,476.67,541.67,606.67,671.67,736.67,801.67,866.67,931.67,996.67,1061.67,,261.25,343.75,426.25,522.50,605.00,687.50,770.00,852.50,935.00,1017.50,1100.00,1182.50,1265.00,1347.50,,"2020 Vol. 85, No. 12, January 17, 2020, pp. 3060-3061",https://www.govinfo.gov/content/pkg/FR-2020-01-17/pdf/2020-00858.pdf
Alaska,December 1970,10,1970,2400,3150,3900,4750,5500,6250,7000,7750,750,,200.00,262.50,325.00,395.83,458.33,520.83,583.33,645.83,708.33,770.83,833.33,895.83,958.33,1020.83,,260.00,341.25,422.50,514.58,595.83,677.08,758.33,839.58,920.83,1002.08,1083.33,1164.58,1245.83,1327.08,,330.00,433.13,536.25,653.13,756.25,859.38,962.50,1065.63,1168.75,1271.88,1375.00,1478.13,1581.25,1684.38,,"2019 Vol. 84, No. 22, February 1, 2019, pp. 1167-1168",https://www.govinfo.gov/content/pkg/FR-2019-02-01/pdf/2019-00621.pdf
Hawaii,December 1970,10,1970,2250,2900,3550,4250,4900,5550,6200,7000,650,,187.50,241.67,295.83,354.17,408.33,462.50,516.67,583.33,637.50,691.67,745.83,800.00,854.17,908.33,,243.75,314.17,384.58,460.42,530.83,601.25,671.67,758.33,828.75,899.17,969.58,1040.00,1110.42,1180.83,,309.38,398.75,488.13,584.38,673.75,763.13,852.50,962.50,1051.88,1141.25,1230.63,1320.00,1409.38,1498.75,,"2018 Vol. 83, No. 12, January 18, 2018, pp. 2642-2644",https://www.govinfo.gov/content/pkg/FR-2018-01-18/pdf/2018-00814.pdf
CONUS,January 1972,10,1971,2000,2600,3300,4000,4700,5300,5900,6500,600,,166.67,216.67,275.00,333.33,391.67,441.67,491.67,541.67,591.67,641.67,691.67,741.67,791.67,841.67,,216.67,281.67,357.50,433.33,509.17,574.17,639.17,704.17,769.17,834.17,899.17,964.17,1029.17,1094.17,,275.00,357.50,453.75,550.00,646.25,728.75,811.25,893.75,976.25,1058.75,1141.25,1223.75,1306.25,1388.75,,"2017 Vol. 82, No. 19, January 31, 2017, pp. 8831-8832",https://www.govinfo.gov/content/pkg/FR-2017-01-31/pdf/2017-02076.pdf
Alaska,January 1972,10,1971,2500,3250,4150,5000,5900,6650,7400,8150,750,,208.33,270.83,345.83,416.67,491.67,554.17,616.67,679.17,741.67,804.17,866.67,929.17,991.67,1054.17,,270.83,352.08,449.58,541.67,639.17,720.42,801.67,882.92,964.17,1045.42,1126.67,1207.92,1289.17,1370.42,,343.75,446.88,570.63,687.50,811.25,914.38,1017.50,1120.63,1223.75,1326.88,1430.00,1533.13,1636.25,1739.38,,"2016 Vol. 81, No.15 January 25, 2016, pp. 4036-4037",https://www.govinfo.gov/content/pkg/FR-2019-02-01/pdf/2019-00621.pdf
Hawaii,November 1971,10,1971,2300,3000,3650,4400,5200,5850,6500,7150,650,,191.67,250.00,304.17,366.67,433.33,487.50,541.67,595.83,650.00,704.17,758.33,812.50,866.67,920.83,,249.17,325.00,395.42,476.67,563.33,633.75,704.17,774.58,845.00,915.42,985.83,1056.25,1126.67,1197.08,,316.25,412.50,501.88,605.00,715.00,804.38,893.75,983.13,1072.50,1161.88,1251.25,1340.63,1430.00,1519.38,,"2015 Vol. 80, No. 14, January 22, 2015, pp. 3236-3237",https://www.govinfo.gov/content/pkg/FR-2015-01-22/pdf/2015-01120.pdf
CONUS,October 1972,10,1972,2100,2725,3450,4200,4925,5550,6200,6850,650,,175.00,227.08,287.50,350.00,410.42,462.50,516.67,570.83,625.00,679.17,733.33,787.50,841.67,895.83,,227.50,295.21,373.75,455.00,533.54,601.25,671.67,742.08,812.50,882.92,953.33,1023.75,1094.17,1164.58,,288.75,374.69,474.38,577.50,677.19,763.13,852.50,941.88,1031.25,1120.63,1210.00,1299.38,1388.75,1478.13,,"2014 Vol. 79, No. 14, January 22, 2014, pp. 3593-3594",https://www.govinfo.gov/content/pkg/FR-2014-01-22/pdf/FR-2014-01-22.pdf
Alaska,October 1972,10,1972,2625,3425,4325,5250,6175,6950,7750,8550,800,,218.75,285.42,360.42,437.50,514.58,579.17,645.83,712.50,779.17,845.83,912.50,979.17,1045.83,1112.50,,284.38,371.04,468.54,568.75,668.96,752.92,839.58,926.25,1012.92,1099.58,1186.25,1272.92,1359.58,1446.25,,360.94,470.94,594.69,721.88,849.06,955.63,1065.63,1175.63,1285.63,1395.63,1505.63,1615.63,1725.63,1835.63,,"2013 Vol. 78, No. 16, January 24, 2013, pp. 5182-5183",https://www.govinfo.gov/content/pkg/FR-2013-01-24/pdf/2013-01422.pdf
Hawaii,January 1972,10,1972,2425,3150,4000,4850,5675,6400,7150,7900,750,,202.08,262.50,333.33,404.17,472.92,533.33,595.83,658.33,720.83,783.33,845.83,908.33,970.83,1033.33,,262.71,341.25,433.33,525.42,614.79,693.33,774.58,855.83,937.08,1018.33,1099.58,1180.83,1262.08,1343.33,,333.44,433.13,550.00,666.88,780.31,880.00,983.13,1086.25,1189.38,1292.50,1395.63,1498.75,1601.88,1705.00,,"2012 Vol. 77, No. 17, January 26, 2012, pp. 4034-4035",https://www.govinfo.gov/content/pkg/FR-2012-01-26/pdf/2012-1603.pdf
CONUS,March 1973,10,1973,2200,2900,3600,4300,5000,5700,6400,7100,700,,183.33,241.67,300.00,358.33,416.67,475.00,533.33,591.67,650.00,708.33,766.67,825.00,883.33,941.67,,238.33,314.17,390.00,465.83,541.67,617.50,693.33,769.17,845.00,920.83,996.67,1072.50,1148.33,1224.17,,302.50,398.75,495.00,591.25,687.50,783.75,880.00,976.25,1072.50,1168.75,1265.00,1361.25,1457.50,1553.75,,"2011 Vol. 76, No. 13, January 20, 2011, pp. 3637-3638",https://www.govinfo.gov/content/pkg/FR-2011-01-20/pdf/2011-1237.pdf
Alaska,March 1973,10,1973,2750,3620,4500,5380,6250,7120,8000,8870,870,,229.17,301.67,375.00,448.33,520.83,593.33,666.67,739.17,811.67,884.17,956.67,1029.17,1101.67,1174.17,,297.92,392.17,487.50,582.83,677.08,771.33,866.67,960.92,1055.17,1149.42,1243.67,1337.92,1432.17,1526.42,,378.13,497.75,618.75,739.75,859.38,979.00,1100.00,1219.63,1339.25,1458.88,1578.50,1698.13,1817.75,1937.38,,"2010 (Delayed update) Vol. 75, No. 148, August 3, 2010, pp. 45628-45629",https://www.govinfo.gov/content/pkg/FR-2010-08-03/pdf/2010-19129.pdf
Hawaii,March 1973,10,1973,2530,3340,4140,4940,5750,6560,7360,8160,800,,210.83,278.33,345.00,411.67,479.17,546.67,613.33,680.00,746.67,813.33,880.00,946.67,1013.33,1080.00,,274.08,361.83,448.50,535.17,622.92,710.67,797.33,884.00,970.67,1057.33,1144.00,1230.67,1317.33,1404.00,,347.88,459.25,569.25,679.25,790.63,902.00,1012.00,1122.00,1232.00,1342.00,1452.00,1562.00,1672.00,1782.00,,"2009 Vol. 74, No. 14, January 23, 2009, pp. 4199-4201",https://www.govinfo.gov/content/pkg/FR-2009-06-19/pdf/E9-14491.pdf
CONUS,May 1974,10,1974,2330,3070,3810,4550,5290,6030,6770,7510,740,,194.17,255.83,317.50,379.17,440.83,502.50,564.17,625.83,687.50,749.17,810.83,872.50,934.17,995.83,,252.42,332.58,412.75,492.92,573.08,653.25,733.42,813.58,893.75,973.92,1054.08,1134.25,1214.42,1294.58,,320.38,422.13,523.88,625.63,727.38,829.13,930.88,1032.63,1134.38,1236.13,1337.88,1439.63,1541.38,1643.13,,"2008 Vol. 73, No. 15, January 23, 2008, pp. 3971-3972",https://www.govinfo.gov/content/pkg/FR-2008-01-23/pdf/08-256.pdf
Alaska,May 1974,10,1974,2910,3840,4760,5690,6610,7540,8460,9380,920,,242.50,320.00,396.67,474.17,550.83,628.33,705.00,781.67,858.33,935.00,1011.67,1088.33,1165.00,1241.67,,315.25,416.00,515.67,616.42,716.08,816.83,916.50,1016.17,1115.83,1215.50,1315.17,1414.83,1514.50,1614.17,,400.13,528.00,654.50,782.38,908.88,1036.75,1163.25,1289.75,1416.25,1542.75,1669.25,1795.75,1922.25,2048.75,,"2007 Vol. 72, No. 15, January 24, 2007, pp. 3147-3148",https://www.govinfo.gov/content/pkg/FR-2007-10-05/pdf/E7-19747.pdf
Hawaii,May 1974,10,1974,2680,3530,4380,5230,6080,6930,7790,8640,850,,223.33,294.17,365.00,435.83,506.67,577.50,649.17,720.00,790.83,861.67,932.50,1003.33,1074.17,1145.00,,290.33,382.42,474.50,566.58,658.67,750.75,843.92,936.00,1028.08,1120.17,1212.25,1304.33,1396.42,1488.50,,368.50,485.38,602.25,719.13,836.00,952.88,1071.13,1188.00,1304.88,1421.75,1538.63,1655.50,1772.38,1889.25,,"2006 Vol. 71, No. 15, January 24, 2006, pp. 3848-3849",https://www.govinfo.gov/content/pkg/FR-2006-01-24/pdf/06-624.pdf
CONUS,March 1975,10,1975,2590,3410,4230,5050,5870,6690,7510,8330,820,,215.83,284.17,352.50,420.83,489.17,557.50,625.83,694.17,762.50,830.83,899.17,967.50,1035.83,1104.17,,280.58,369.42,458.25,547.08,635.92,724.75,813.58,902.42,991.25,1080.08,1168.92,1257.75,1346.58,1435.42,,356.13,468.88,581.63,694.38,807.13,919.88,1032.63,1145.38,1258.13,1370.88,1483.63,1596.38,1709.13,1821.88,,"2005 Vol. 70, No. 33, February 18, 2005, pp. 8373-8375",https://www.govinfo.gov/content/pkg/FR-2005-02-18/pdf/05-3144.pdf
Alaska,March 1975,10,1975,3250,4270,5290,6310,7330,8350,9370,10390,1020,,270.83,355.83,440.83,525.83,610.83,695.83,780.83,865.83,950.83,1035.83,1120.83,1205.83,1290.83,1375.83,,352.08,462.58,573.08,683.58,794.08,904.58,1015.08,1125.58,1236.08,1346.58,1457.08,1567.58,1678.08,1788.58,,446.88,587.13,727.38,867.63,1007.88,1148.13,1288.38,1428.63,1568.88,1709.13,1849.38,1989.63,2129.88,2270.13,,"2024 Vol. 89, No. 11, January 17, 2024, pp. 2961-2963",https://www.govinfo.gov/content/pkg/FR-2024-01-17/pdf/2024-00796.pdf
Hawaii,March 1975,10,1975,2900,3930,4870,5810,6750,7690,8630,9570,940,,241.67,327.50,405.83,484.17,562.50,640.83,719.17,797.50,875.83,954.17,1032.50,1110.83,1189.17,1267.50,,314.17,425.75,527.58,629.42,731.25,833.08,934.92,1036.75,1138.58,1240.42,1342.25,1444.08,1545.92,1647.75,,398.75,540.38,669.63,798.88,928.13,1057.38,1186.63,1315.88,1445.13,1574.38,1703.63,1832.88,1962.13,2091.38,,"2023 Vol. 88, No. 12, January 19, 2023, pp. 3424-3425",https://www.govinfo.gov/content/pkg/FR-2023-01-19/pdf/2023-00885.pdf
CONUS,April 1976,10,1976,2800,3700,4600,5500,6400,7300,8200,9100,900,,233.33,308.33,383.33,458.33,533.33,608.33,683.33,758.33,833.33,908.33,983.33,1058.33,1133.33,1208.33,,303.33,400.83,498.33,595.83,693.33,790.83,888.33,985.83,1083.33,1180.83,1278.33,1375.83,1473.33,1570.83,,385.00,508.75,632.50,756.25,880.00,1003.75,1127.50,1251.25,1375.00,1498.75,1622.50,1746.25,1870.00,1993.75,,"2022 Vol. 87, No. 14, January 21, 2022, pp. 3315-3316",https://www.govinfo.gov/content/pkg/FR-2022-01-21/pdf/2022-01166.pdf
Alaska,April 1976,10,1976,3520,4640,5760,6880,8000,9120,10240,11360,1120,,293.33,386.67,480.00,573.33,666.67,760.00,853.33,946.67,1040.00,1133.33,1226.67,1320.00,1413.33,1506.67,,381.33,502.67,624.00,745.33,866.67,988.00,1109.33,1230.67,1352.00,1473.33,1594.67,1716.00,1837.33,1958.67,,484.00,638.00,792.00,946.00,1100.00,1254.00,1408.00,1562.00,1716.00,1870.00,2024.00,2178.00,2332.00,2486.00,,"2021 Vol. 86, No. 19, February 1, 2021, pp. 7732-7734",https://www.govinfo.gov/content/pkg/FR-2021-02-01/pdf/2021-01969.pdf
Hawaii,April 1976,10,1976,3240,4270,5300,6330,7360,8390,9420,10450,1030,,270.00,355.83,441.67,527.50,613.33,699.17,785.00,870.83,956.67,1042.50,1128.33,1214.17,1300.00,1385.83,,351.00,462.58,574.17,685.75,797.33,908.92,1020.50,1132.08,1243.67,1355.25,1466.83,1578.42,1690.00,1801.58,,445.50,587.13,728.75,870.38,1012.00,1153.63,1295.25,1436.88,1578.50,1720.13,1861.75,2003.38,2145.00,2286.63,,"2020 Vol. 85, No. 12, January 17, 2020, pp. 3060-3061",https://www.govinfo.gov/content/pkg/FR-2020-01-17/pdf/2020-00858.pdf
CONUS,April 1977,10,1977,2970,3930,4890,5850,6810,7770,8730,9690,960,,247.50,327.50,407.50,487.50,567.50,647.50,727.50,807.50,887.50,967.50,1047.50,1127.50,1207.50,1287.50,,321.75,425.75,529.75,633.75,737.75,841.75,945.75,1049.75,1153.75,1257.75,1361.75,1465.75,1569.75,1673.75,,408.38,540.38,672.38,804.38,936.38,1068.38,1200.38,1332.38,1464.38,1596.38,1728.38,1860.38,1992.38,2124.38,,"2019 Vol. 84, No. 22, February 1, 2019, pp. 1167-1168",https://www.govinfo.gov/content/pkg/FR-2019-02-01/pdf/2019-00621.pdf
Alaska,April 1977,10,1977,3720,4920,6120,7320,8520,9720,10920,12120,1200,,310.00,410.00,510.00,610.00,710.00,810.00,910.00,1010.00,1110.00,1210.00,1310.00,1410.00,1510.00,1610.00,,403.00,533.00,663.00,793.00,923.00,1053.00,1183.00,1313.00,1443.00,1573.00,1703.00,1833.00,1963.00,2093.00,,511.50,676.50,841.50,1006.50,1171.50,1336.50,1501.50,1666.50,1831.50,1996.50,2161.50,2326.50,2491.50,2656.50,,"2018 Vol. 83, No. 12, January 18, 2018, pp. 2642-2644",https://www.govinfo.gov/content/pkg/FR-2018-01-18/pdf/2018-00814.pdf
Hawaii,April 1977,10,1977,3430,4530,5630,6730,7830,8930,10030,11130,1100,,285.83,377.50,469.17,560.83,652.50,744.17,835.83,927.50,1019.17,1110.83,1202.50,1294.17,1385.83,1477.50,,371.58,490.75,609.92,729.08,848.25,967.42,1086.58,1205.75,1324.92,1444.08,1563.25,1682.42,1801.58,1920.75,,471.63,622.88,774.13,925.38,1076.63,1227.88,1379.13,1530.38,1681.63,1832.88,1984.13,2135.38,2286.63,2437.88,,"2017 Vol. 82, No. 19, January 31, 2017, pp. 8831-8832",https://www.govinfo.gov/content/pkg/FR-2017-01-31/pdf/2017-02076.pdf
CONUS,April 1978,10,1978,3140,4160,5180,6200,7220,8240,9260,10280,1020,,261.67,346.67,431.67,516.67,601.67,686.67,771.67,856.67,941.67,1026.67,1111.67,1196.67,1281.67,1366.67,,340.17,450.67,561.17,671.67,782.17,892.67,1003.17,1113.67,1224.17,1334.67,1445.17,1555.67,1666.17,1776.67,,431.75,572.00,712.25,852.50,992.75,1133.00,1273.25,1413.50,1553.75,1694.00,1834.25,1974.50,2114.75,2255.00,,"2016 Vol. 81, No.15 January 25, 2016, pp. 4036-4037",https://www.govinfo.gov/content/pkg/FR-2019-02-01/pdf/2019-00621.pdf
Alaska,April 1978,10,1978,3940,5210,6480,7750,9020,10290,11560,12830,1270,,328.33,434.17,540.00,645.83,751.67,857.50,963.33,1069.17,1175.00,1280.83,1386.67,1492.50,1598.33,1704.17,,426.83,564.42,702.00,839.58,977.17,1114.75,1252.33,1389.92,1527.50,1665.08,1802.67,1940.25,2077.83,2215.42,,541.75,716.38,891.00,1065.63,1240.25,1414.88,1589.50,1764.13,1938.75,2113.38,2288.00,2462.63,2637.25,2811.88,,"2015 Vol. 80, No. 14, January 22, 2015, pp. 3236-3237",https://www.govinfo.gov/content/pkg/FR-2015-01-22/pdf/2015-01120.pdf
Hawaii,April 1978,10,1978,3620,4790,5960,7130,8300,9470,10640,11810,1170,,301.67,399.17,496.67,594.17,691.67,789.17,886.67,984.17,1081.67,1179.17,1276.67,1374.17,1471.67,1569.17,,392.17,518.92,645.67,772.42,899.17,1025.92,1152.67,1279.42,1406.17,1532.92,1659.67,1786.42,1913.17,2039.92,,497.75,658.63,819.50,980.38,1141.25,1302.13,1463.00,1623.88,1784.75,1945.63,2106.50,2267.38,2428.25,2589.13,,"2014 Vol. 79, No. 14, January 22, 2014, pp. 3593-3594",https://www.govinfo.gov/content/pkg/FR-2014-01-22/pdf/FR-2014-01-22.pdf
CONUS,May 1979,10,1979,3400,4500,5600,6700,7800,8900,10000,11100,1100,,283.33,375.00,466.67,558.33,650.00,741.67,833.33,925.00,1016.67,1108.33,1200.00,1291.67,1383.33,1475.00,,368.33,487.50,606.67,725.83,845.00,964.17,1083.33,1202.50,1321.67,1440.83,1560.00,1679.17,1798.33,1917.50,,467.50,618.75,770.00,921.25,1072.50,1223.75,1375.00,1526.25,1677.50,1828.75,1980.00,2131.25,2282.50,2433.75,,"2013 Vol. 78, No. 16, January 24, 2013, pp. 5182-5183",https://www.govinfo.gov/content/pkg/FR-2013-01-24/pdf/2013-01422.pdf
Alaska,May 1979,10,1979,4270,5640,7010,8380,9750,11120,12490,13860,1370,,355.83,470.00,584.17,698.33,812.50,926.67,1040.83,1155.00,1269.17,1383.33,1497.50,1611.67,1725.83,1840.00,,462.58,611.00,759.42,907.83,1056.25,1204.67,1353.08,1501.50,1649.92,1798.33,1946.75,2095.17,2243.58,2392.00,,587.13,775.50,963.88,1152.25,1340.63,1529.00,1717.38,1905.75,2094.13,2282.50,2470.88,2659.25,2847.63,3036.00,,"2012 Vol. 77, No. 17, January 26, 2012, pp. 4034-4035",https://www.govinfo.gov/content/pkg/FR-2012-01-26/pdf/2012-1603.pdf
Hawaii,May 1979,10,1979,3930,5190,6450,7710,8970,10230,11490,12750,1260,,327.50,432.50,537.50,642.50,747.50,852.50,957.50,1062.50,1167.50,1272.50,1377.50,1482.50,1587.50,1692.50,,425.75,562.25,698.75,835.25,971.75,1108.25,1244.75,1381.25,1517.75,1654.25,1790.75,1927.25,2063.75,2200.25,,540.38,713.63,886.88,1060.13,1233.38,1406.63,1579.88,1753.13,1926.38,2099.63,2272.88,2446.13,2619.38,2792.63,,"2011 Vol. 76, No. 13, January 20, 2011, pp. 3637-3638",https://www.govinfo.gov/content/pkg/FR-2011-01-20/pdf/2011-1237.pdf
CONUS,April 1980,10,1980,3790,5010,6230,7450,8670,9890,11110,12330,1220,,315.83,417.50,519.17,620.83,722.50,824.17,925.83,1027.50,1129.17,1230.83,1332.50,1434.17,1535.83,1637.50,,410.58,542.75,674.92,807.08,939.25,1071.42,1203.58,1335.75,1467.92,1600.08,1732.25,1864.42,1996.58,2128.75,,521.13,688.88,856.63,1024.38,1192.13,1359.88,1527.63,1695.38,1863.13,2030.88,2198.63,2366.38,2534.13,2701.88,,"2010 (Delayed update) Vol. 75, No. 148, August 3, 2010, pp. 45628-45629",https://www.govinfo.gov/content/pkg/FR-2010-08-03/pdf/2010-19129.pdf
Alaska,April 1980,10,1980,4760,6280,7800,9320,10840,12360,13880,15400,1520,,396.67,523.33,650.00,776.67,903.33,1030.00,1156.67,1283.33,1410.00,1536.67,1663.33,1790.00,1916.67,2043.33,,515.67,680.33,845.00,1009.67,1174.33,1339.00,1503.67,1668.33,1833.00,1997.67,2162.33,2327.00,2491.67,2656.33,,654.50,863.50,1072.50,1281.50,1490.50,1699.50,1908.50,2117.50,2326.50,2535.50,2744.50,2953.50,3162.50,3371.50,,"2009 Vol. 74, No. 14, January 23, 2009, pp. 4199-4201",https://www.govinfo.gov/content/pkg/FR-2009-06-19/pdf/E9-14491.pdf
Hawaii,April 1980,10,1980,4370,5770,7170,8570,9970,11370,12770,14170,1400,,364.17,480.83,597.50,714.17,830.83,947.50,1064.17,1180.83,1297.50,1414.17,1530.83,1647.50,1764.17,1880.83,,473.42,625.08,776.75,928.42,1080.08,1231.75,1383.42,1535.08,1686.75,1838.42,1990.08,2141.75,2293.42,2445.08,,600.88,793.38,985.88,1178.38,1370.88,1563.38,1755.88,1948.38,2140.88,2333.38,2525.88,2718.38,2910.88,3103.38,,"2008 Vol. 73, No. 15, January 23, 2008, pp. 3971-3972",https://www.govinfo.gov/content/pkg/FR-2008-01-23/pdf/08-256.pdf
CONUS,March 1981,10,1981,4310,5690,7070,8450,9830,11210,12590,13970,1380,,359.17,474.17,589.17,704.17,819.17,934.17,1049.17,1164.17,1279.17,1394.17,1509.17,1624.17,1739.17,1854.17,,466.92,616.42,765.92,915.42,1064.92,1214.42,1363.92,1513.42,1662.92,1812.42,1961.92,2111.42,2260.92,2410.42,,592.63,782.38,972.13,1161.88,1351.63,1541.38,1731.13,1920.88,2110.63,2300.38,2490.13,2679.88,2869.63,3059.38,,"2007 Vol. 72, No. 15, January 24, 2007, pp. 3147-3148",https://www.govinfo.gov/content/pkg/FR-2007-10-05/pdf/E7-19747.pdf
Alaska,March 1981,10,1981,5410,7130,8850,10570,12290,14010,15730,17450,1720,,450.83,594.17,737.50,880.83,1024.17,1167.50,1310.83,1454.17,1597.50,1740.83,1884.17,2027.50,2170.83,2314.17,,586.08,772.42,958.75,1145.08,1331.42,1517.75,1704.08,1890.42,2076.75,2263.08,2449.42,2635.75,2822.08,3008.42,,743.88,980.38,1216.88,1453.38,1689.88,1926.38,2162.88,2399.38,2635.88,2872.38,3108.88,3345.38,3581.88,3818.38,,"2006 Vol. 71, No. 15, January 24, 2006, pp. 3848-3849",https://www.govinfo.gov/content/pkg/FR-2006-01-24/pdf/06-624.pdf
Hawaii,March 1981,10,1981,4980,6560,8140,9720,11300,12880,14460,16040,1580,,415.00,546.67,678.33,810.00,941.67,1073.33,1205.00,1336.67,1468.33,1600.00,1731.67,1863.33,1995.00,2126.67,,539.50,710.67,881.83,1053.00,1224.17,1395.33,1566.50,1737.67,1908.83,2080.00,2251.17,2422.33,2593.50,2764.67,,684.75,902.00,1119.25,1336.50,1553.75,1771.00,1988.25,2205.50,2422.75,2640.00,2857.25,3074.50,3291.75,3509.00,,"2005 Vol. 70, No. 33, February 18, 2005, pp. 8373-8375",https://www.govinfo.gov/content/pkg/FR-2005-02-18/pdf/05-3144.pdf
CONUS,April 1982,10,1982,4680,6220,7760,9300,10840,12380,13920,15460,1540,,390.00,518.33,646.67,775.00,903.33,1031.67,1160.00,1288.33,1416.67,1545.00,1673.33,1801.67,1930.00,2058.33,,507.00,673.83,840.67,1007.50,1174.33,1341.17,1508.00,1674.83,1841.67,2008.50,2175.33,2342.17,2509.00,2675.83,,643.50,855.25,1067.00,1278.75,1490.50,1702.25,1914.00,2125.75,2337.50,2549.25,2761.00,2972.75,3184.50,3396.25,,"2024 Vol. 89, No. 11, January 17, 2024, pp. 2961-2963",https://www.govinfo.gov/content/pkg/FR-2024-01-17/pdf/2024-00796.pdf
Alaska,April 1982,10,1982,5870,7790,9710,11630,13550,15470,17390,19310,1920,,489.17,649.17,809.17,969.17,1129.17,1289.17,1449.17,1609.17,1769.17,1929.17,2089.17,2249.17,2409.17,2569.17,,635.92,843.92,1051.92,1259.92,1467.92,1675.92,1883.92,2091.92,2299.92,2507.92,2715.92,2923.92,3131.92,3339.92,,807.13,1071.13,1335.13,1599.13,1863.13,2127.13,2391.13,2655.13,2919.13,3183.13,3447.13,3711.13,3975.13,4239.13,,"2023 Vol. 88, No. 12, January 19, 2023, pp. 3424-3425",https://www.govinfo.gov/content/pkg/FR-2023-01-19/pdf/2023-00885.pdf
Hawaii,April 1982,10,1982,5390,7160,8930,10700,12470,14240,16010,17780,1770,,449.17,596.67,744.17,891.67,1039.17,1186.67,1334.17,1481.67,1629.17,1776.67,1924.17,2071.67,2219.17,2366.67,,583.92,775.67,967.42,1159.17,1350.92,1542.67,1734.42,1926.17,2117.92,2309.67,2501.42,2693.17,2884.92,3076.67,,741.13,984.50,1227.88,1471.25,1714.63,1958.00,2201.38,2444.75,2688.13,2931.50,3174.88,3418.25,3661.63,3905.00,,"2022 Vol. 87, No. 14, January 21, 2022, pp. 3315-3316",https://www.govinfo.gov/content/pkg/FR-2022-01-21/pdf/2022-01166.pdf
CONUS,February 1983,10,1983,4860,6540,8220,9900,11580,13260,14940,16620,1680,,405.00,545.00,685.00,825.00,965.00,1105.00,1245.00,1385.00,1525.00,1665.00,1805.00,1945.00,2085.00,2225.00,,526.50,708.50,890.50,1072.50,1254.50,1436.50,1618.50,1800.50,1982.50,2164.50,2346.50,2528.50,2710.50,2892.50,,668.25,899.25,1130.25,1361.25,1592.25,1823.25,2054.25,2285.25,2516.25,2747.25,2978.25,3209.25,3440.25,3671.25,,"2021 Vol. 86, No. 19, February 1, 2021, pp. 7732-7734",https://www.govinfo.gov/content/pkg/FR-2021-02-01/pdf/2021-01969.pdf
Alaska,February 1983,10,1983,6060,8160,10260,12360,14460,16560,18660,20760,2100,,505.00,680.00,855.00,1030.00,1205.00,1380.00,1555.00,1730.00,1905.00,2080.00,2255.00,2430.00,2605.00,2780.00,,656.50,884.00,1111.50,1339.00,1566.50,1794.00,2021.50,2249.00,2476.50,2704.00,2931.50,3159.00,3386.50,3614.00,,833.25,1122.00,1410.75,1699.50,1988.25,2277.00,2565.75,2854.50,3143.25,3432.00,3720.75,4009.50,4298.25,4587.00,,"2020 Vol. 85, No. 12, January 17, 2020, pp. 3060-3061",https://www.govinfo.gov/content/pkg/FR-2020-01-17/pdf/2020-00858.pdf
Hawaii,February 1983,10,1983,5600,7530,9460,11390,13320,15250,17180,19110,1930,,466.67,627.50,788.33,949.17,1110.00,1270.83,1431.67,1592.50,1753.33,1914.17,2075.00,2235.83,2396.67,2557.50,,606.67,815.75,1024.83,1233.92,1443.00,1652.08,1861.17,2070.25,2279.33,2488.42,2697.50,2906.58,3115.67,3324.75,,770.00,1035.38,1300.75,1566.13,1831.50,2096.88,2362.25,2627.63,2893.00,3158.38,3423.75,3689.13,3954.50,4219.88,,"2019 Vol. 84, No. 22, February 1, 2019, pp. 1167-1168",https://www.govinfo.gov/content/pkg/FR-2019-02-01/pdf/2019-00621.pdf
CONUS,February 1984,10,1984,4980,6720,8460,10200,11940,13680,15420,17160,1740,,415.00,560.00,705.00,850.00,995.00,1140.00,1285.00,1430.00,1575.00,1720.00,1865.00,2010.00,2155.00,2300.00,,539.50,728.00,916.50,1105.00,1293.50,1482.00,1670.50,1859.00,2047.50,2236.00,2424.50,2613.00,2801.50,2990.00,,684.75,924.00,1163.25,1402.50,1641.75,1881.00,2120.25,2359.50,2598.75,2838.00,3077.25,3316.50,3555.75,3795.00,,"2018 Vol. 83, No. 12, January 18, 2018, pp. 2642-2644",https://www.govinfo.gov/content/pkg/FR-2018-01-18/pdf/2018-00814.pdf
Alaska,February 1984,10,1984,6240,8410,10580,12750,14920,17090,19260,21430,2170,,520.00,700.83,881.67,1062.50,1243.33,1424.17,1605.00,1785.83,1966.67,2147.50,2328.33,2509.17,2690.00,2870.83,,676.00,911.08,1146.17,1381.25,1616.33,1851.42,2086.50,2321.58,2556.67,2791.75,3026.83,3261.92,3497.00,3732.08,,858.00,1156.38,1454.75,1753.13,2051.50,2349.88,2648.25,2946.63,3245.00,3543.38,3841.75,4140.13,4438.50,4736.88,,"2017 Vol. 82, No. 19, January 31, 2017, pp. 8831-8832",https://www.govinfo.gov/content/pkg/FR-2017-01-31/pdf/2017-02076.pdf
Hawaii,February 1984,10,1984,5730,7730,9730,11730,13730,15730,17730,19730,2000,,477.50,644.17,810.83,977.50,1144.17,1310.83,1477.50,1644.17,1810.83,1977.50,2144.17,2310.83,2477.50,2644.17,,620.75,837.42,1054.08,1270.75,1487.42,1704.08,1920.75,2137.42,2354.08,2570.75,2787.42,3004.08,3220.75,3437.42,,787.88,1062.88,1337.88,1612.88,1887.88,2162.88,2437.88,2712.88,2987.88,3262.88,3537.88,3812.88,4087.88,4362.88,,"2016 Vol. 81, No.15 January 25, 2016, pp. 4036-4037",https://www.govinfo.gov/content/pkg/FR-2019-02-01/pdf/2019-00621.pdf
CONUS,March 1985,10,1985,5250,7050,8850,10650,12450,14250,16050,17850,1800,,437.50,587.50,737.50,887.50,1037.50,1187.50,1337.50,1487.50,1637.50,1787.50,1937.50,2087.50,2237.50,2387.50,,568.75,763.75,958.75,1153.75,1348.75,1543.75,1738.75,1933.75,2128.75,2323.75,2518.75,2713.75,2908.75,3103.75,,721.88,969.38,1216.88,1464.38,1711.88,1959.38,2206.88,2454.38,2701.88,2949.38,3196.88,3444.38,3691.88,3939.38,,"2015 Vol. 80, No. 14, January 22, 2015, pp. 3236-3237",https://www.govinfo.gov/content/pkg/FR-2015-01-22/pdf/2015-01120.pdf
Alaska,March 1985,10,1985,6560,8810,11060,13310,15560,17810,20060,22310,2250,,546.67,734.17,921.67,1109.17,1296.67,1484.17,1671.67,1859.17,2046.67,2234.17,2421.67,2609.17,2796.67,2984.17,,710.67,954.42,1198.17,1441.92,1685.67,1929.42,2173.17,2416.92,2660.67,2904.42,3148.17,3391.92,3635.67,3879.42,,902.00,1211.38,1520.75,1830.13,2139.50,2448.88,2758.25,3067.63,3377.00,3686.38,3995.75,4305.13,4614.50,4923.88,,"2014 Vol. 79, No. 14, January 22, 2014, pp. 3593-3594",https://www.govinfo.gov/content/pkg/FR-2014-01-22/pdf/FR-2014-01-22.pdf
Hawaii,March 1985,10,1985,6040,8110,10180,12250,14320,16390,18460,20530,2250,,503.33,675.83,848.33,1020.83,1193.33,1365.83,1538.33,1710.83,1898.33,2085.83,2273.33,2460.83,2648.33,2835.83,,654.33,878.58,1102.83,1327.08,1551.33,1775.58,1999.83,2224.08,2467.83,2711.58,2955.33,3199.08,3442.83,3686.58,,830.50,1115.13,1399.75,1684.38,1969.00,2253.63,2538.25,2822.88,3132.25,3441.63,3751.00,4060.38,4369.75,4679.13,,"2013 Vol. 78, No. 16, January 24, 2013, pp. 5182-5183",https://www.govinfo.gov/content/pkg/FR-2013-01-24/pdf/2013-01422.pdf
CONUS,February 1986,10,1986,5360,7240,9120,11000,12880,14760,16640,18520,1880,,446.67,603.33,760.00,916.67,1073.33,1230.00,1386.67,1543.33,1700.00,1856.67,2013.33,2170.00,2326.67,2483.33,,580.67,784.33,988.00,1191.67,1395.33,1599.00,1802.67,2006.33,2210.00,2413.67,2617.33,2821.00,3024.67,3228.33,,737.00,995.50,1254.00,1512.50,1771.00,2029.50,2288.00,2546.50,2805.00,3063.50,3322.00,3580.50,3839.00,4097.50,,"2012 Vol. 77, No. 17, January 26, 2012, pp. 4034-4035",https://www.govinfo.gov/content/pkg/FR-2012-01-26/pdf/2012-1603.pdf
Alaska,February 1986,10,1986,6700,9050,11400,13750,16100,18450,20800,23150,2350,,558.33,754.17,950.00,1145.83,1341.67,1537.50,1733.33,1929.17,2125.00,2320.83,2516.67,2712.50,2908.33,3104.17,,725.83,980.42,1235.00,1489.58,1744.17,1998.75,2253.33,2507.92,2762.50,3017.08,3271.67,3526.25,3780.83,4035.42,,921.25,1244.38,1567.50,1890.63,2213.75,2536.88,2860.00,3183.13,3506.25,3829.38,4152.50,4475.63,4798.75,5121.88,,"2011 Vol. 76, No. 13, January 20, 2011, pp. 3637-3638",https://www.govinfo.gov/content/pkg/FR-2011-01-20/pdf/2011-1237.pdf
Hawaii,February 1986,10,1986,6170,8330,10490,12650,14810,16970,19130,21290,2160,,514.17,694.17,874.17,1054.17,1234.17,1414.17,1594.17,1774.17,1954.17,2134.17,2314.17,2494.17,2674.17,2854.17,,668.42,902.42,1136.42,1370.42,1604.42,1838.42,2072.42,2306.42,2540.42,2774.42,3008.42,3242.42,3476.42,3710.42,,848.38,1145.38,1442.38,1739.38,2036.38,2333.38,2630.38,2927.38,3224.38,3521.38,3818.38,4115.38,4412.38,4709.38,,"2010 (Delayed update) Vol. 75, No. 148, August 3, 2010, pp. 45628-45629",https://www.govinfo.gov/content/pkg/FR-2010-08-03/pdf/2010-19129.pdf
CONUS,February 1987,10,1987,5500,7400,9300,11200,13100,15000,16900,18800,1900,,458.33,616.67,775.00,933.33,1091.67,1250.00,1408.33,1566.67,1725.00,1883.33,2041.67,2200.00,2358.33,2516.67,,595.83,801.67,1007.50,1213.33,1419.17,1625.00,1830.83,2036.67,2242.50,2448.33,2654.17,2860.00,3065.83,3271.67,,756.25,1017.50,1278.75,1540.00,1801.25,2062.50,2323.75,2585.00,2846.25,3107.50,3368.75,3630.00,3891.25,4152.50,,"2009 Vol. 74, No. 14, January 23, 2009, pp. 4199-4201",https://www.govinfo.gov/content/pkg/FR-2009-06-19/pdf/E9-14491.pdf
Alaska,February 1987,10,1987,6860,9240,11620,14000,16380,18760,21140,23520,2380,,571.67,770.00,968.33,1166.67,1365.00,1563.33,1761.67,1960.00,2158.33,2356.67,2555.00,2753.33,2951.67,3150.00,,743.17,1001.00,1258.83,1516.67,1774.50,2032.33,2290.17,2548.00,2805.83,3063.67,3321.50,3579.33,3837.17,4095.00,,943.25,1270.50,1597.75,1925.00,2252.25,2579.50,2906.75,3234.00,3561.25,3888.50,4215.75,4543.00,4870.25,5197.50,,"2008 Vol. 73, No. 15, January 23, 2008, pp. 3971-3972",https://www.govinfo.gov/content/pkg/FR-2008-01-23/pdf/08-256.pdf
Hawaii,February 1987,10,1987,6310,8500,10690,12880,15070,17260,19450,21640,2190,,525.83,708.33,890.83,1073.33,1255.83,1438.33,1620.83,1803.33,1985.83,2168.33,2350.83,2533.33,2715.83,2898.33,,683.58,920.83,1158.08,1395.33,1632.58,1869.83,2107.08,2344.33,2581.58,2818.83,3056.08,3293.33,3530.58,3767.83,,867.63,1168.75,1469.88,1771.00,2072.13,2373.25,2674.38,2975.50,3276.63,3577.75,3878.88,4180.00,4481.13,4782.25,,"2007 Vol. 72, No. 15, January 24, 2007, pp. 3147-3148",https://www.govinfo.gov/content/pkg/FR-2007-10-05/pdf/E7-19747.pdf
CONUS,February 1988,10,1988,5770,7730,9690,11650,13610,15570,17530,19490,1960,,480.83,644.17,807.50,970.83,1134.17,1297.50,1460.83,1624.17,1787.50,1950.83,2114.17,2277.50,2440.83,2604.17,,625.08,837.42,1049.75,1262.08,1474.42,1686.75,1899.08,2111.42,2323.75,2536.08,2748.42,2960.75,3173.08,3385.42,,793.38,1062.88,1332.38,1601.88,1871.38,2140.88,2410.38,2679.88,2949.38,3218.88,3488.38,3757.88,4027.38,4296.88,,"2006 Vol. 71, No. 15, January 24, 2006, pp. 3848-3849",https://www.govinfo.gov/content/pkg/FR-2006-01-24/pdf/06-624.pdf
Alaska,February 1988,10,1988,7210,9660,12110,14560,17010,19460,21910,24360,2450,,600.83,805.00,1009.17,1213.33,1417.50,1621.67,1825.83,2030.00,2234.17,2438.33,2642.50,2846.67,3050.83,3255.00,,781.08,1046.50,1311.92,1577.33,1842.75,2108.17,2373.58,2639.00,2904.42,3169.83,3435.25,3700.67,3966.08,4231.50,,991.38,1328.25,1665.13,2002.00,2338.88,2675.75,3012.63,3349.50,3686.38,4023.25,4360.13,4697.00,5033.88,5370.75,,"2005 Vol. 70, No. 33, February 18, 2005, pp. 8373-8375",https://www.govinfo.gov/content/pkg/FR-2005-02-18/pdf/05-3144.pdf
Hawaii,February 1988,10,1988,6650,8900,11150,13400,15650,17900,20150,22400,2250,,554.17,741.67,929.17,1116.67,1304.17,1491.67,1679.17,1866.67,2054.17,2241.67,2429.17,2616.67,2804.17,2991.67,,720.42,964.17,1207.92,1451.67,1695.42,1939.17,2182.92,2426.67,2670.42,2914.17,3157.92,3401.67,3645.42,3889.17,,914.38,1223.75,1533.13,1842.50,2151.88,2461.25,2770.63,3080.00,3389.38,3698.75,4008.13,4317.50,4626.88,4936.25,,"2004 Vol. 69, No. 30, February 13, 2004, pp. 7336-7338",https://www.govinfo.gov/content/pkg/FR-2004-02-13/pdf/04-3329.pdf
CONUS,February 1989,10,1989,5980,8020,10060,12100,14140,16180,18220,20260,2040,,498.33,668.33,838.33,1008.33,1178.33,1348.33,1518.33,1688.33,1858.33,2028.33,2198.33,2368.33,2538.33,2708.33,,647.83,868.83,1089.83,1310.83,1531.83,1752.83,1973.83,2194.83,2415.83,2636.83,2857.83,3078.83,3299.83,3520.83,,822.25,1102.75,1383.25,1663.75,1944.25,2224.75,2505.25,2785.75,3066.25,3346.75,3627.25,3907.75,4188.25,4468.75,,"2003 Vol. 68, No. 26, February 7, 2003, pp. 6456-6458",https://www.govinfo.gov/content/pkg/FR-2003-02-07/pdf/03-3018.pdf
Alaska,February 1989,10,1989,7480,10030,12580,15130,17680,20230,22780,25330,2550,,623.33,835.83,1048.33,1260.83,1473.33,1685.83,1898.33,2110.83,2323.33,2535.83,2748.33,2960.83,3173.33,3385.83,,810.33,1086.58,1362.83,1639.08,1915.33,2191.58,2467.83,2744.08,3020.33,3296.58,3572.83,3849.08,4125.33,4401.58,,1028.50,1379.13,1729.75,2080.38,2431.00,2781.63,3132.25,3482.88,3833.50,4184.13,4534.75,4885.38,5236.00,5586.63,,"2002 Vol. 67, No. 31, February 14, 2002, pp. 6931-6933",https://www.govinfo.gov/content/pkg/FR-2002-02-14/pdf/02-3627.pdf
Hawaii,February 1989,10,1989,6870,9220,11570,13920,16270,18620,20970,23320,2350,,572.50,768.33,964.17,1160.00,1355.83,1551.67,1747.50,1943.33,2139.17,2335.00,2530.83,2726.67,2922.50,3118.33,,744.25,998.83,1253.42,1508.00,1762.58,2017.17,2271.75,2526.33,2780.92,3035.50,3290.08,3544.67,3799.25,4053.83,,944.63,1267.75,1590.88,1914.00,2237.13,2560.25,2883.38,3206.50,3529.63,3852.75,4175.88,4499.00,4822.13,5145.25,,"2001 Vol. 66, No. 33, February 16, 2001, pp. 10695-10697",https://www.govinfo.gov/content/pkg/FR-2001-02-16/pdf/01-4036.pdf
CONUS,February 1990,10,1990,6280,8420,10560,12700,14840,16980,19120,21260,2140,,523.33,701.67,880.00,1058.33,1236.67,1415.00,1593.33,1771.67,1950.00,2128.33,2306.67,2485.00,2663.33,2841.67,,680.33,912.17,1144.00,1375.83,1607.67,1839.50,2071.33,2303.17,2535.00,2766.83,2998.67,3230.50,3462.33,3694.17,,863.50,1157.75,1452.00,1746.25,2040.50,2334.75,2629.00,2923.25,3217.50,3511.75,3806.00,4100.25,4394.50,4688.75,,"2000 Vol. 65, No. 31, February 15, 2000, pp. 7555-7557",https://www.govinfo.gov/content/pkg/FR-2000-02-15/pdf/00-3478.pdf
Alaska,February 1990,10,1990,7840,10520,13200,15880,18560,21240,23920,26600,2680,,653.33,876.67,1100.00,1323.33,1546.67,1770.00,1993.33,2216.67,2440.00,2663.33,2886.67,3110.00,3333.33,3556.67,,849.33,1139.67,1430.00,1720.33,2010.67,2301.00,2591.33,2881.67,3172.00,3462.33,3752.67,4043.00,4333.33,4623.67,,1078.00,1446.50,1815.00,2183.50,2552.00,2920.50,3289.00,3657.50,4026.00,4394.50,4763.00,5131.50,5500.00,5868.50,,"1999 Vol. 64, No. 52, March 18, 1999, pp. 13428-13430",https://www.govinfo.gov/content/pkg/FR-1999-03-18/pdf/99-6538.pdf
Hawaii,February 1990,10,1990,7230,9690,12150,14610,17070,19530,21990,24450,2460,,602.50,807.50,1012.50,1217.50,1422.50,1627.50,1832.50,2037.50,2242.50,2447.50,2652.50,2857.50,3062.50,3267.50,,783.25,1049.75,1316.25,1582.75,1849.25,2115.75,2382.25,2648.75,2915.25,3181.75,3448.25,3714.75,3981.25,4247.75,,994.13,1332.38,1670.63,2008.88,2347.13,2685.38,3023.63,3361.88,3700.13,4038.38,4376.63,4714.88,5053.13,5391.38,,"1998 Vol. 63, No. 36, February 24, 1998, pp. 9235-9238",https://www.govinfo.gov/content/pkg/FR-1998-02-24/pdf/98-4566.pdf
CONUS,February 1991,10,1991,6620,8880,11140,13400,15660,17920,20180,22440,2260,,551.67,740.00,928.33,1116.67,1305.00,1493.33,1681.67,1870.00,2058.33,2246.67,2435.00,2623.33,2811.67,3000.00,,717.17,962.00,1206.83,1451.67,1696.50,1941.33,2186.17,2431.00,2675.83,2920.67,3165.50,3410.33,3655.17,3900.00,,910.25,1221.00,1531.75,1842.50,2153.25,2464.00,2774.75,3085.50,3396.25,3707.00,4017.75,4328.50,4639.25,4950.00,,"1997 Vol. 62, No. 46, March 10, 1997, pp. 10856-10859",https://www.govinfo.gov/content/pkg/FR-1997-03-10/pdf/97-5731.pdf
Alaska,February 1991,10,1991,8290,11110,13930,16750,19570,22390,25210,28030,2820,,690.83,925.83,1160.83,1395.83,1630.83,1865.83,2100.83,2335.83,2570.83,2805.83,3040.83,3275.83,3510.83,3745.83,,898.08,1203.58,1509.08,1814.58,2120.08,2425.58,2731.08,3036.58,3342.08,3647.58,3953.08,4258.58,4564.08,4869.58,,1139.88,1527.63,1915.38,2303.13,2690.88,3078.63,3466.38,3854.13,4241.88,4629.63,5017.38,5405.13,5792.88,6180.63,,"1996 Vol. 61, No. 43, March 4, 1996, pp. 8286-8288",https://www.govinfo.gov/content/pkg/FR-1996-03-04/pdf/96-4915.pdf
Hawaii,February 1991,10,1991,7610,10210,12810,15410,18010,20610,23210,25810,2600,,634.17,850.83,1067.50,1284.17,1500.83,1717.50,1934.17,2150.83,2367.50,2584.17,2800.83,3017.50,3234.17,3450.83,,824.42,1106.08,1387.75,1669.42,1951.08,2232.75,2514.42,2796.08,3077.75,3359.42,3641.08,3922.75,4204.42,4486.08,,1046.38,1403.88,1761.38,2118.88,2476.38,2833.88,3191.38,3548.88,3906.38,4263.88,4621.38,4978.88,5336.38,5693.88,,"1995 Vol. 60, No. 27, February 9, 1995, pp. 7772-7774",https://www.govinfo.gov/content/pkg/FR-1995-02-09/pdf/95-3285.pdf
CONUS,February 1992,10,1992,6810,9190,11570,13950,16330,18710,21090,23470,2380,,567.50,765.83,964.17,1162.50,1360.83,1559.17,1757.50,1955.83,2154.17,2352.50,2550.83,2749.17,2947.50,3145.83,,737.75,995.58,1253.42,1511.25,1769.08,2026.92,2284.75,2542.58,2800.42,3058.25,3316.08,3573.92,3831.75,4089.58,,936.38,1263.63,1590.88,1918.13,2245.38,2572.63,2899.88,3227.13,3554.38,3881.63,4208.88,4536.13,4863.38,5190.63,,"1994 Vol. 59, No. 28, February 10, 1994, pp. 6277-6278",https://www.govinfo.gov/content/pkg/FR-1994-02-10/html/94-3229.htm
Alaska,February 1992,10,1992,8500,11480,14460,17440,20420,23400,26380,29360,2980,,708.33,956.67,1205.00,1453.33,1701.67,1950.00,2198.33,2446.67,2695.00,2943.33,3191.67,3440.00,3688.33,3936.67,,920.83,1243.67,1566.50,1889.33,2212.17,2535.00,2857.83,3180.67,3503.50,3826.33,4149.17,4472.00,4794.83,5117.67,,1168.75,1578.50,1988.25,2398.00,2807.75,3217.50,3627.25,4037.00,4446.75,4856.50,5266.25,5676.00,6085.75,6495.50,,"1993 Vol. 58, No. 28, February 12, 1993, pp. 8287-8289",https://tile.loc.gov/storage-services/service/ll/fedreg/fr058/fr058028/fr058028.pdf
Hawaii,February 1992,10,1992,7830,10570,13310,16050,18790,21530,24270,27010,2740,,652.50,880.83,1109.17,1337.50,1565.83,1794.17,2022.50,2250.83,2479.17,2707.50,2935.83,3164.17,3392.50,3620.83,,848.25,1145.08,1441.92,1738.75,2035.58,2332.42,2629.25,2926.08,3222.92,3519.75,3816.58,4113.42,4410.25,4707.08,,1076.63,1453.38,1830.13,2206.88,2583.63,2960.38,3337.13,3713.88,4090.63,4467.38,4844.13,5220.88,5597.63,5974.38,,"1992 Vol. 57, No. 31, February 14, 1992, pp. 5455-5457",https://tile.loc.gov/storage-services/service/ll/fedreg/fr057/fr057031/fr057031.pdf
CONUS,February 1993,10,1993,6970,9430,11890,14350,16810,19270,21730,24190,2460,,580.83,785.83,990.83,1195.83,1400.83,1605.83,1810.83,2015.83,2220.83,2425.83,2630.83,2835.83,3040.83,3245.83,,755.08,1021.58,1288.08,1554.58,1821.08,2087.58,2354.08,2620.58,2887.08,3153.58,3420.08,3686.58,3953.08,4219.58,,958.38,1296.63,1634.88,1973.13,2311.38,2649.63,2987.88,3326.13,3664.38,4002.63,4340.88,4679.13,5017.38,5355.63,,"1991 Vol. 56, No. 34, February 20, 1991, pp. 6589-6861",https://www.govinfo.gov/content/pkg/FR-1991-02-20/pdf/FR-1991-02-20.pdf
Alaska,February 1993,10,1993,8700,11780,14860,17940,21020,24100,27180,30260,3080,,725.00,981.67,1238.33,1495.00,1751.67,2008.33,2265.00,2521.67,2778.33,3035.00,3291.67,3548.33,3805.00,4061.67,,942.50,1276.17,1609.83,1943.50,2277.17,2610.83,2944.50,3278.17,3611.83,3945.50,4279.17,4612.83,4946.50,5280.17,,1196.25,1619.75,2043.25,2466.75,2890.25,3313.75,3737.25,4160.75,4584.25,5007.75,5431.25,5854.75,6278.25,6701.75,,"1990 Vol. 55, No. 33, February 16, 1990, pp. 5664-5666",https://www.govinfo.gov/content/pkg/FR-1990-02-16/pdf/FR-1990-02-16.pdf
Hawaii,February 1993,10,1993,8040,10860,13680,16500,19320,22140,24960,27780,2820,,670.00,905.00,1140.00,1375.00,1610.00,1845.00,2080.00,2315.00,2550.00,2785.00,3020.00,3255.00,3490.00,3725.00,,871.00,1176.50,1482.00,1787.50,2093.00,2398.50,2704.00,3009.50,3315.00,3620.50,3926.00,4231.50,4537.00,4842.50,,1105.50,1493.25,1881.00,2268.75,2656.50,3044.25,3432.00,3819.75,4207.50,4595.25,4983.00,5370.75,5758.50,6146.25,,"1989 Vol. 54, No. 31, February 16, 1989, pp. 7097-7098",https://www.govinfo.gov/content/pkg/FR-1989-02-16/pdf/FR-1989-02-16.pdf
CONUS,February 1994,10,1994,7360,9840,12320,14800,17280,19760,22240,24720,2480,,613.33,820.00,1026.67,1233.33,1440.00,1646.67,1853.33,2060.00,2266.67,2473.33,2680.00,2886.67,3093.33,3300.00,,797.33,1066.00,1334.67,1603.33,1872.00,2140.67,2409.33,2678.00,2946.67,3215.33,3484.00,3752.67,4021.33,4290.00,,1012.00,1353.00,1694.00,2035.00,2376.00,2717.00,3058.00,3399.00,3740.00,4081.00,4422.00,4763.00,5104.00,5445.00,,"1988 Vol. 53, No. 29, February 12, 1988, pp. 4213-4214",https://www.govinfo.gov/content/pkg/FR-1988-02-12/pdf/FR-1988-02-12.pdf
Alaska,February 1994,10,1994,9200,12300,15400,18500,21600,24700,27800,30900,3100,,766.67,1025.00,1283.33,1541.67,1800.00,2058.33,2316.67,2575.00,2833.33,3091.67,3350.00,3608.33,3866.67,4125.00,,996.67,1332.50,1668.33,2004.17,2340.00,2675.83,3011.67,3347.50,3683.33,4019.17,4355.00,4690.83,5026.67,5362.50,,1265.00,1691.25,2117.50,2543.75,2970.00,3396.25,3822.50,4248.75,4675.00,5101.25,5527.50,5953.75,6380.00,6806.25,,"1987 Vol. 52, No. 34, February 20, 1987, pp. 5340-5341",https://www.govinfo.gov/content/pkg/FR-1987-02-20/pdf/FR-1987-02-20.pdf
Hawaii,February 1994,10,1994,8470,11320,14170,17020,19870,22720,25570,28420,2850,,705.83,943.33,1180.83,1418.33,1655.83,1893.33,2130.83,2368.33,2605.83,2843.33,3080.83,3318.33,3555.83,3793.33,,917.58,1226.33,1535.08,1843.83,2152.58,2461.33,2770.08,3078.83,3387.58,3696.33,4005.08,4313.83,4622.58,4931.33,,1164.63,1556.50,1948.38,2340.25,2732.13,3124.00,3515.88,3907.75,4299.63,4691.50,5083.38,5475.25,5867.13,6259.00,,"1986 Vol. 51, No. 28, February 11, 1986, pp. 5105-5106", https://www.govinfo.gov/content/pkg/FR-1986-02-11/pdf/FR-1986-02-11.pdf
CONUS,February 1995,10,1995,7470,10030,12590,15150,17710,20270,22830,25390,2560,,622.50,835.83,1049.17,1262.50,1475.83,1689.17,1902.50,2115.83,2329.17,2542.50,2755.83,2969.17,3182.50,3395.83,,809.25,1086.58,1363.92,1641.25,1918.58,2195.92,2473.25,2750.58,3027.92,3305.25,3582.58,3859.92,4137.25,4414.58,,1027.13,1379.13,1731.13,2083.13,2435.13,2787.13,3139.13,3491.13,3843.13,4195.13,4547.13,4899.13,5251.13,5603.13,,"1985 Vol. 50, No. 46, March 8, 1985, pp. 9517-9518 2",https://www.govinfo.gov/content/pkg/FR-1985-03-08/pdf/FR-1985-03-08.pdf
Alaska,February 1995,10,1995,9340,12540,15740,18940,22140,25340,28540,31740,3200,,778.33,1045.00,1311.67,1578.33,1845.00,2111.67,2378.33,2645.00,2911.67,3178.33,3445.00,3711.67,3978.33,4245.00,,1011.83,1358.50,1705.17,2051.83,2398.50,2745.17,3091.83,3438.50,3785.17,4131.83,4478.50,4825.17,5171.83,5518.50,,1284.25,1724.25,2164.25,2604.25,3044.25,3484.25,3924.25,4364.25,4804.25,5244.25,5684.25,6124.25,6564.25,7004.25,,"1984 Vol. 49, No. 39, February 27, 1984, pp. 7151-7152",https://www.govinfo.gov/content/pkg/FR-1984-02-27/pdf/FR-1984-02-27.pdf
Hawaii,February 1995,10,1995,8610,11550,14490,17430,20370,23310,26250,29190,2940,,717.50,962.50,1207.50,1452.50,1697.50,1942.50,2187.50,2432.50,2677.50,2922.50,3167.50,3412.50,3657.50,3902.50,,932.75,1251.25,1569.75,1888.25,2206.75,2525.25,2843.75,3162.25,3480.75,3799.25,4117.75,4436.25,4754.75,5073.25,,1183.88,1588.13,1992.38,2396.63,2800.88,3205.13,3609.38,4013.63,4417.88,4822.13,5226.38,5630.63,6034.88,6439.13,,"1983 Vol. 48, No. 34, February 17, 1983, pp. 7010-7011",https://www.govinfo.gov/content/pkg/FR-1983-02-17/pdf/FR-1983-02-17.pdf
CONUS,March 1996,10,1996,7740,10360,12980,15600,18220,20840,23460,26080,2620,,645.00,863.33,1081.67,1300.00,1518.33,1736.67,1955.00,2173.33,2391.67,2610.00,2828.33,3046.67,3265.00,3483.33,,838.50,1122.33,1406.17,1690.00,1973.83,2257.67,2541.50,2825.33,3109.17,3393.00,3676.83,3960.67,4244.50,4528.33,,1064.25,1424.50,1784.75,2145.00,2505.25,2865.50,3225.75,3586.00,3946.25,4306.50,4666.75,5027.00,5387.25,5747.50,,"1982 Vol. 47, No. 69, April 9, 1982, pp. 15417-15418",https://www.govinfo.gov/content/pkg/FR-1982-04-09/pdf/FR-1982-04-09.pdf
Alaska,March 1996,10,1996,9660,12940,16220,19500,22780,26060,29340,32620,3280,,805.00,1078.33,1351.67,1625.00,1898.33,2171.67,2445.00,2718.33,2991.67,3265.00,3538.33,3811.67,4085.00,4358.33,,1046.50,1401.83,1757.17,2112.50,2467.83,2823.17,3178.50,3533.83,3889.17,4244.50,4599.83,4955.17,5310.50,5665.83,,1328.25,1779.25,2230.25,2681.25,3132.25,3583.25,4034.25,4485.25,4936.25,5387.25,5838.25,6289.25,6740.25,7191.25,,"1981 Vol. 46, No. 43, March 5, 1981, pp. 15270-15273",https://www.govinfo.gov/content/pkg/FR-1981-03-05/pdf/FR-1981-03-05.pdf
Hawaii,March 1996,10,1996,8910,11920,14930,17940,20950,23960,26970,29980,3010,,742.50,993.33,1244.17,1495.00,1745.83,1996.67,2247.50,2498.33,2749.17,3000.00,3250.83,3501.67,3752.50,4003.33,,965.25,1291.33,1617.42,1943.50,2269.58,2595.67,2921.75,3247.83,3573.92,3900.00,4226.08,4552.17,4878.25,5204.33,,1225.13,1639.00,2052.88,2466.75,2880.63,3294.50,3708.38,4122.25,4536.13,4950.00,5363.88,5777.75,6191.63,6605.50,,"1980 Vol. 45, No. 78, April 21, 1980, 26713-26714",https://www.govinfo.gov/content/pkg/FR-1980-04-21/pdf/FR-1980-04-21.pdf
CONUS,March 1997,10,1997,7890,10610,13330,16050,18770,21490,24210,26930,2720,,657.50,884.17,1110.83,1337.50,1564.17,1790.83,2017.50,2244.17,2470.83,2697.50,2924.17,3150.83,3377.50,3604.17,,854.75,1149.42,1444.08,1738.75,2033.42,2328.08,2622.75,2917.42,3212.08,3506.75,3801.42,4096.08,4390.75,4685.42,,1084.88,1458.88,1832.88,2206.88,2580.88,2954.88,3328.88,3702.88,4076.88,4450.88,4824.88,5198.88,5572.88,5946.88,,"1979 Vol. 44, No 89, May 7, 1979, pp. 26745-26746",https://www.govinfo.gov/content/pkg/FR-1979-05-07/pdf/FR-1979-05-07.pdf
Alaska,March 1997,10,1997,9870,13270,16670,20070,23470,26870,30270,33670,3400,,822.50,1105.83,1389.17,1672.50,1955.83,2239.17,2522.50,2805.83,3089.17,3372.50,3655.83,3939.17,4222.50,4505.83,,1069.25,1437.58,1805.92,2174.25,2542.58,2910.92,3279.25,3647.58,4015.92,4384.25,4752.58,5120.92,5489.25,5857.58,,1357.13,1824.63,2292.13,2759.63,3227.13,3694.63,4162.13,4629.63,5097.13,5564.63,6032.13,6499.63,6967.13,7434.63,,"1978 Vol. 43, No. 66, April 5, 1978, pp. 14316-14318",https://www.govinfo.gov/content/pkg/FR-1978-04-05/pdf/FR-1978-04-05.pdf
Hawaii,March 1997,10,1997,9070,12200,15330,18460,21590,24720,27850,30980,3130,,755.83,1016.67,1277.50,1538.33,1799.17,2060.00,2320.83,2581.67,2842.50,3103.33,3364.17,3625.00,3885.83,4146.67,,982.58,1321.67,1660.75,1999.83,2338.92,2678.00,3017.08,3356.17,3695.25,4034.33,4373.42,4712.50,5051.58,5390.67,,1247.13,1677.50,2107.88,2538.25,2968.63,3399.00,3829.38,4259.75,4690.13,5120.50,5550.88,5981.25,6411.63,6842.00,,"1977 Vol. 42, No. 79, April 25, 1977, pp. 1108-1109.",https://www.govinfo.gov/content/pkg/FR-1977-04-25/pdf/FR-1977-04-25.pdf
CONUS,February 1998,10,1998,8050,10850,13650,16450,19250,22050,24850,27650,2800,,670.83,904.17,1137.50,1370.83,1604.17,1837.50,2070.83,2304.17,2537.50,2770.83,3004.17,3237.50,3470.83,3704.17,,872.08,1175.42,1478.75,1782.08,2085.42,2388.75,2692.08,2995.42,3298.75,3602.08,3905.42,4208.75,4512.08,4815.42,,1106.88,1491.88,1876.88,2261.88,2646.88,3031.88,3416.88,3801.88,4186.88,4571.88,4956.88,5341.88,5726.88,6111.88,,"1976 Vol. 41, No. 66, April 5, 1976, pp. 14370-14371",https://www.govinfo.gov/content/pkg/FR-1976-04-05/pdf/FR-1976-04-05.pdf
Alaska,February 1998,10,1998,10070,13570,17070,20570,24070,27570,31070,34570,3500,,839.17,1130.83,1422.50,1714.17,2005.83,2297.50,2589.17,2880.83,3172.50,3464.17,3755.83,4047.50,4339.17,4630.83,,1090.92,1470.08,1849.25,2228.42,2607.58,2986.75,3365.92,3745.08,4124.25,4503.42,4882.58,5261.75,5640.92,6020.08,,1384.63,1865.88,2347.13,2828.38,3309.63,3790.88,4272.13,4753.38,5234.63,5715.88,6197.13,6678.38,7159.63,7640.88,,"1975 Vol. 40, No. 132, July 9, 1975, pp. 28793-28794",https://www.govinfo.gov/content/pkg/FR-1975-07-09/pdf/FR-1975-07-09.pdf
Hawaii,February 1998,10,1998,9260,12480,15700,18920,22140,25360,28580,31800,3220,,771.67,1040.00,1308.33,1576.67,1845.00,2113.33,2381.67,2650.00,2918.33,3186.67,3455.00,3723.33,3991.67,4260.00,,1003.17,1352.00,1700.83,2049.67,2398.50,2747.33,3096.17,3445.00,3793.83,4142.67,4491.50,4840.33,5189.17,5538.00,,1273.25,1716.00,2158.75,2601.50,3044.25,3487.00,3929.75,4372.50,4815.25,5258.00,5700.75,6143.50,6586.25,7029.00,,"1974 Vol. 39, No, 100, May 22, 2974, pp. 17969-17979",https://www.govinfo.gov/content/pkg/FR-1974-05-22/pdf/FR-1974-05-22.pdf
CONUS,March 1999,10,1999,8240,11060,13880,16700,19520,22340,25160,27980,2820,,686.67,921.67,1156.67,1391.67,1626.67,1861.67,2096.67,2331.67,2566.67,2801.67,3036.67,3271.67,3506.67,3741.67,,892.67,1198.17,1503.67,1809.17,2114.67,2420.17,2725.67,3031.17,3336.67,3642.17,3947.67,4253.17,4558.67,4864.17,,1133.00,1520.75,1908.50,2296.25,2684.00,3071.75,3459.50,3847.25,4235.00,4622.75,5010.50,5398.25,5786.00,6173.75,,Documents from the Office of Economic Opportunity,N/A
Alaska,March 1999,10,1999,10320,13840,17360,20880,24400,27920,31440,34960,3520,,860.00,1153.33,1446.67,1740.00,2033.33,2326.67,2620.00,2913.33,3206.67,3500.00,3793.33,4086.67,4380.00,4673.33,,1118.00,1499.33,1880.67,2262.00,2643.33,3024.67,3406.00,3787.33,4168.67,4550.00,4931.33,5312.67,5694.00,6075.33,,1419.00,1903.00,2387.00,2871.00,3355.00,3839.00,4323.00,4807.00,5291.00,5775.00,6259.00,6743.00,7227.00,7711.00,,Documents from the Office of Economic Opportunity,N/A
Hawaii,March 1999,10,1999,9490,12730,15970,19210,22450,25690,28930,32170,3240,,790.83,1060.83,1330.83,1600.83,1870.83,2140.83,2410.83,2680.83,2950.83,3220.83,3490.83,3760.83,4030.83,4300.83,,1028.08,1379.08,1730.08,2081.08,2432.08,2783.08,3134.08,3485.08,3836.08,4187.08,4538.08,4889.08,5240.08,5591.08,,1304.88,1750.38,2195.88,2641.38,3086.88,3532.38,3977.88,4423.38,4868.88,5314.38,5759.88,6205.38,6650.88,7096.38,,"1972 Vol. 37, No. 7, Jan 12, 1972",https://www.govinfo.gov/content/pkg/FR-1972-01-12/pdf/FR-1972-01-12.pdf
CONUS,February 2000,10,2000,8350,11250,14150,17050,19950,22850,25750,28650,2900,,695.83,937.50,1179.17,1420.83,1662.50,1904.17,2145.83,2387.50,2629.17,2870.83,3112.50,3354.17,3595.83,3837.50,,904.58,1218.75,1532.92,1847.08,2161.25,2475.42,2789.58,3103.75,3417.92,3732.08,4046.25,4360.42,4674.58,4988.75,,1148.13,1546.88,1945.63,2344.38,2743.13,3141.88,3540.63,3939.38,4338.13,4736.88,5135.63,5534.38,5933.13,6331.88,,Documents from the Office of Economic Opportunity,N/A
Alaska,February 2000,10,2000,10430,14060,17690,21320,24950,28580,32210,35840,3630,,869.17,1171.67,1474.17,1776.67,2079.17,2381.67,2684.17,2986.67,3289.17,3591.67,3894.17,4196.67,4499.17,4801.67,,1129.92,1523.17,1916.42,2309.67,2702.92,3096.17,3489.42,3882.67,4275.92,4669.17,5062.42,5455.67,5848.92,6242.17,,1434.13,1933.25,2432.38,2931.50,3430.63,3929.75,4428.88,4928.00,5427.13,5926.25,6425.38,6924.50,7423.63,7922.75,,"1969 Vol 34, No. 249, pp. 20431",https://www.govinfo.gov/content/pkg/FR-1969-12-31/pdf/FR-1969-12-31.pdf
Hawaii,February 2000,10,2000,9590,12930,16270,19610,22950,26290,29630,32970,3340,,799.17,1077.50,1355.83,1634.17,1912.50,2190.83,2469.17,2747.50,3025.83,3304.17,3582.50,3860.83,4139.17,4417.50,,1038.92,1400.75,1762.58,2124.42,2486.25,2848.08,3209.92,3571.75,3933.58,4295.42,4657.25,5019.08,5380.92,5742.75,,1318.63,1777.88,2237.13,2696.38,3155.63,3614.88,4074.13,4533.38,4992.63,5451.88,5911.13,6370.38,6829.63,7288.88,,"1968 Vol. 33, No. 231, pp. 17686-17687",https://www.govinfo.gov/content/pkg/FR-1968-11-27/pdf/FR-1968-11-27.pdf
CONUS,February 2001,10,2001,8590,11610,14630,17650,20670,23690,26710,29730,3020,,715.83,967.50,1219.17,1470.83,1722.50,1974.17,2225.83,2477.50,2729.17,2980.83,3232.50,3484.17,3735.83,3987.50,,930.58,1257.75,1584.92,1912.08,2239.25,2566.42,2893.58,3220.75,3547.92,3875.08,4202.25,4529.42,4856.58,5183.75,,1181.13,1596.38,2011.63,2426.88,2842.13,3257.38,3672.63,4087.88,4503.13,4918.38,5333.63,5748.88,6164.13,6579.38,,Documents from the Office of Economic Opportunity,N/A
Alaska,February 2001,10,2001,10730,14510,18290,22070,25850,29630,33410,37190,3780,,894.17,1209.17,1524.17,1839.17,2154.17,2469.17,2784.17,3099.17,3414.17,3729.17,4044.17,4359.17,4674.17,4989.17,,1162.42,1571.92,1981.42,2390.92,2800.42,3209.92,3619.42,4028.92,4438.42,4847.92,5257.42,5666.92,6076.42,6485.92,,1475.38,1995.13,2514.88,3034.63,3554.38,4074.13,4593.88,5113.63,5633.38,6153.13,6672.88,7192.63,7712.38,8232.13,,Documents from the Office of Economic Opportunity,N/A
Hawaii,February 2001,10,2001,9890,13360,16830,20300,23770,27240,30710,34180,3470,,824.17,1113.33,1402.50,1691.67,1980.83,2270.00,2559.17,2848.33,3137.50,3426.67,3715.83,4005.00,4294.17,4583.33,,1071.42,1447.33,1823.25,2199.17,2575.08,2951.00,3326.92,3702.83,4078.75,4454.67,4830.58,5206.50,5582.42,5958.33,,1359.88,1837.00,2314.13,2791.25,3268.38,3745.50,4222.63,4699.75,5176.88,5654.00,6131.13,6608.25,7085.38,7562.50,,"2004 Vol. 69, No. 30, February 13, 2004, pp. 7336-7338",https://www.govinfo.gov/content/pkg/FR-2004-02-13/pdf/04-3329.pdf
CONUS,February 2002,10,2002,8860,11940,15020,18100,21180,24260,27340,30420,3080,,738.33,995.00,1251.67,1508.33,1765.00,2021.67,2278.33,2535.00,2791.67,3048.33,3305.00,3561.67,3818.33,4075.00,,959.83,1293.50,1627.17,1960.83,2294.50,2628.17,2961.83,3295.50,3629.17,3962.83,4296.50,4630.17,4963.83,5297.50,,1218.25,1641.75,2065.25,2488.75,2912.25,3335.75,3759.25,4182.75,4606.25,5029.75,5453.25,5876.75,6300.25,6723.75,,"2003 Vol. 68, No. 26, February 7, 2003, pp. 6456-6458",https://www.govinfo.gov/content/pkg/FR-2003-02-07/pdf/03-3018.pdf
Alaska,February 2002,10,2002,11080,14930,18780,22630,26480,30330,34180,38030,3850,,923.33,1244.17,1565.00,1885.83,2206.67,2527.50,2848.33,3169.17,3490.00,3810.83,4131.67,4452.50,4773.33,5094.17,,1200.33,1617.42,2034.50,2451.58,2868.67,3285.75,3702.83,4119.92,4537.00,4954.08,5371.17,5788.25,6205.33,6622.42,,1523.50,2052.88,2582.25,3111.63,3641.00,4170.38,4699.75,5229.13,5758.50,6287.88,6817.25,7346.63,7876.00,8405.38,,"2002 Vol. 67, No. 31, February 14, 2002, pp. 6931-6933",https://www.govinfo.gov/content/pkg/FR-2002-02-14/pdf/02-3627.pdf
Hawaii,February 2002,10,2002,10200,13740,17280,20820,24360,27900,31440,34980,3540,,850.00,1145.00,1440.00,1735.00,2030.00,2325.00,2620.00,2915.00,3210.00,3505.00,3800.00,4095.00,4390.00,4685.00,,1105.00,1488.50,1872.00,2255.50,2639.00,3022.50,3406.00,3789.50,4173.00,4556.50,4940.00,5323.50,5707.00,6090.50,,1402.50,1889.25,2376.00,2862.75,3349.50,3836.25,4323.00,4809.75,5296.50,5783.25,6270.00,6756.75,7243.50,7730.25,,"2001 Vol. 66, No. 33, February 16, 2001, pp. 10695-10697",https://www.govinfo.gov/content/pkg/FR-2001-02-16/pdf/01-4036.pdf
CONUS,February 2003,10,2003,8980,12120,15260,18400,21540,24680,27820,30960,3140,,748.33,1010.00,1271.67,1533.33,1795.00,2056.67,2318.33,2580.00,2841.67,3103.33,3365.00,3626.67,3888.33,4150.00,,972.83,1313.00,1653.17,1993.33,2333.50,2673.67,3013.83,3354.00,3694.17,4034.33,4374.50,4714.67,5054.83,5395.00,,1234.75,1666.50,2098.25,2530.00,2961.75,3393.50,3825.25,4257.00,4688.75,5120.50,5552.25,5984.00,6415.75,6847.50,,"2000 Vol. 65, No. 31, February 15, 2000, pp. 7555-7557",https://www.govinfo.gov/content/pkg/FR-2000-02-15/pdf/00-3478.pdf
Alaska,February 2003,10,2003,11210,15140,19070,23000,26930,30860,34790,38720,3930,,934.17,1261.67,1589.17,1916.67,2244.17,2571.67,2899.17,3226.67,3554.17,3881.67,4209.17,4536.67,4864.17,5191.67,,1214.42,1640.17,2065.92,2491.67,2917.42,3343.17,3768.92,4194.67,4620.42,5046.17,5471.92,5897.67,6323.42,6749.17,,1541.38,2081.75,2622.13,3162.50,3702.88,4243.25,4783.63,5324.00,5864.38,6404.75,6945.13,7485.50,8025.88,8566.25,,"1999 Vol. 64, No. 52, March 18, 1999, pp. 13428-13430",https://www.govinfo.gov/content/pkg/FR-1999-03-18/pdf/99-6538.pdf
Hawaii,February 2003,10,2003,10330,13940,17550,21160,24770,28380,31990,35600,3610,,860.83,1161.67,1462.50,1763.33,2064.17,2365.00,2665.83,2966.67,3267.50,3568.33,3869.17,4170.00,4470.83,4771.67,,1119.08,1510.17,1901.25,2292.33,2683.42,3074.50,3465.58,3856.67,4247.75,4638.83,5029.92,5421.00,5812.08,6203.17,,1420.38,1916.75,2413.13,2909.50,3405.88,3902.25,4398.63,4895.00,5391.38,5887.75,6384.13,6880.50,7376.88,7873.25,,"1998 Vol. 63, No. 36, February 24, 1998, pp. 9235-9238",https://www.govinfo.gov/content/pkg/FR-1998-02-24/pdf/98-4566.pdf
CONUS,February 2004,10,2004,9310,12490,15670,18850,22030,25210,28390,31570,3180,,775.83,1040.83,1305.83,1570.83,1835.83,2100.83,2365.83,2630.83,2895.83,3160.83,3425.83,3690.83,3955.83,4220.83,,1008.58,1353.08,1697.58,2042.08,2386.58,2731.08,3075.58,3420.08,3764.58,4109.08,4453.58,4798.08,5142.58,5487.08,,1280.13,1717.38,2154.63,2591.88,3029.13,3466.38,3903.63,4340.88,4778.13,5215.38,5652.63,6089.88,6527.13,6964.38,,"1997 Vol. 62, No. 46, March 10, 1997, pp. 10856-10859",https://www.govinfo.gov/content/pkg/FR-1997-03-10/pdf/97-5731.pdf
Alaska,February 2004,10,2004,11630,15610,19590,23570,27550,31530,35510,39490,3980,,969.17,1300.83,1632.50,1964.17,2295.83,2627.50,2959.17,3290.83,3622.50,3954.17,4285.83,4617.50,4949.17,5280.83,,1259.92,1691.08,2122.25,2553.42,2984.58,3415.75,3846.92,4278.08,4709.25,5140.42,5571.58,6002.75,6433.92,6865.08,,1599.13,2146.38,2693.63,3240.88,3788.13,4335.38,4882.63,5429.88,5977.13,6524.38,7071.63,7618.88,8166.13,8713.38,,"1996 Vol. 61, No. 43, March 4, 1996, pp. 8286-8288",https://www.govinfo.gov/content/pkg/FR-1996-03-04/pdf/96-4915.pdf
Hawaii,February 2004,10,2004,10700,14360,18020,21680,25340,29000,32660,36320,3660,,891.67,1196.67,1501.67,1806.67,2111.67,2416.67,2721.67,3026.67,3331.67,3636.67,3941.67,4246.67,4551.67,4856.67,,1159.17,1555.67,1952.17,2348.67,2745.17,3141.67,3538.17,3934.67,4331.17,4727.67,5124.17,5520.67,5917.17,6313.67,,1471.25,1974.50,2477.75,2981.00,3484.25,3987.50,4490.75,4994.00,5497.25,6000.50,6503.75,7007.00,7510.25,8013.50,,"1995 Vol. 60, No. 27, February 9, 1995, pp. 7772-7774",https://www.govinfo.gov/content/pkg/FR-1995-02-09/pdf/95-3285.pdf
CONUS,February 2005,10,2005,9570,12830,16090,19350,22610,25870,29130,32390,3260,,797.50,1069.17,1340.83,1612.50,1884.17,2155.83,2427.50,2699.17,2970.83,3242.50,3514.17,3785.83,4057.50,4329.17,,1036.75,1389.92,1743.08,2096.25,2449.42,2802.58,3155.75,3508.92,3862.08,4215.25,4568.42,4921.58,5274.75,5627.92,,1315.88,1764.13,2212.38,2660.63,3108.88,3557.13,4005.38,4453.63,4901.88,5350.13,5798.38,6246.63,6694.88,7143.13,,"1994 Vol. 59, No. 28, February 10, 1994, pp. 6277-6278",https://www.govinfo.gov/content/pkg/FR-1994-02-10/html/94-3229.htm
Alaska,February 2005,10,2005,11950,16030,20110,24190,28270,32350,36430,40510,4080,,995.83,1335.83,1675.83,2015.83,2355.83,2695.83,3035.83,3375.83,3715.83,4055.83,4395.83,4735.83,5075.83,5415.83,,1294.58,1736.58,2178.58,2620.58,3062.58,3504.58,3946.58,4388.58,4830.58,5272.58,5714.58,6156.58,6598.58,7040.58,,1643.13,2204.13,2765.13,3326.13,3887.13,4448.13,5009.13,5570.13,6131.13,6692.13,7253.13,7814.13,8375.13,8936.13,,"1993 Vol. 58, No. 28, February 12, 1993, pp. 8287-8289",https://tile.loc.gov/storage-services/service/ll/fedreg/fr058/fr058028/fr058028.pdf
Hawaii,February 2005,10,2005,11010,14760,18510,22260,26010,29760,33510,37260,3750,,917.50,1230.00,1542.50,1855.00,2167.50,2480.00,2792.50,3105.00,3417.50,3730.00,4042.50,4355.00,4667.50,4980.00,,1192.75,1599.00,2005.25,2411.50,2817.75,3224.00,3630.25,4036.50,4442.75,4849.00,5255.25,5661.50,6067.75,6474.00,,1513.88,2029.50,2545.13,3060.75,3576.38,4092.00,4607.63,5123.25,5638.88,6154.50,6670.13,7185.75,7701.38,8217.00,,"1992 Vol. 57, No. 31, February 14, 1992, pp. 5455-5457",https://tile.loc.gov/storage-services/service/ll/fedreg/fr057/fr057031/fr057031.pdf
CONUS,January 2006,10,2006,9800,13200,16600,20000,23400,26800,30200,33600,3400,,816.67,1100.00,1383.33,1666.67,1950.00,2233.33,2516.67,2800.00,3083.33,3366.67,3650.00,3933.33,4216.67,4500.00,,1061.67,1430.00,1798.33,2166.67,2535.00,2903.33,3271.67,3640.00,4008.33,4376.67,4745.00,5113.33,5481.67,5850.00,,1347.50,1815.00,2282.50,2750.00,3217.50,3685.00,4152.50,4620.00,5087.50,5555.00,6022.50,6490.00,6957.50,7425.00,,"1991 Vol. 56, No. 34, February 20, 1991, pp. 6589-6861",https://www.govinfo.gov/content/pkg/FR-1991-02-20/pdf/FR-1991-02-20.pdf
Alaska,January 2006,10,2006,12250,16500,20750,25000,29250,33500,37750,42000,4250,,1020.83,1375.00,1729.17,2083.33,2437.50,2791.67,3145.83,3500.00,3854.17,4208.33,4562.50,4916.67,5270.83,5625.00,,1327.08,1787.50,2247.92,2708.33,3168.75,3629.17,4089.58,4550.00,5010.42,5470.83,5931.25,6391.67,6852.08,7312.50,,1684.38,2268.75,2853.13,3437.50,4021.88,4606.25,5190.63,5775.00,6359.38,6943.75,7528.13,8112.50,8696.88,9281.25,,"1990 Vol. 55, No. 33, February 16, 1990, pp. 5664-5666",https://www.govinfo.gov/content/pkg/FR-1990-02-16/pdf/FR-1990-02-16.pdf
Hawaii,January 2006,10,2006,11270,15180,19090,23000,26910,30820,34730,38640,3910,,939.17,1265.00,1590.83,1916.67,2242.50,2568.33,2894.17,3220.00,3545.83,3871.67,4197.50,4523.33,4849.17,5175.00,,1220.92,1644.50,2068.08,2491.67,2915.25,3338.83,3762.42,4186.00,4609.58,5033.17,5456.75,5880.33,6303.92,6727.50,,1549.63,2087.25,2624.88,3162.50,3700.13,4237.75,4775.38,5313.00,5850.63,6388.25,6925.88,7463.50,8001.13,8538.75,,"1989 Vol. 54, No. 31, February 16, 1989, pp. 7097-7098",https://www.govinfo.gov/content/pkg/FR-1989-02-16/pdf/FR-1989-02-16.pdf
CONUS,January 2007,10,2007,10210,13690,17170,20650,24130,27610,31090,34570,3480,,850.83,1140.83,1430.83,1720.83,2010.83,2300.83,2590.83,2880.83,3170.83,3460.83,3750.83,4040.83,4330.83,4620.83,,1106.08,1483.08,1860.08,2237.08,2614.08,2991.08,3368.08,3745.08,4122.08,4499.08,4876.08,5253.08,5630.08,6007.08,,1403.88,1882.38,2360.88,2839.38,3317.88,3796.38,4274.88,4753.38,5231.88,5710.38,6188.88,6667.38,7145.88,7624.38,,"1988 Vol. 53, No. 29, February 12, 1988, pp. 4213-4214",https://www.govinfo.gov/content/pkg/FR-1988-02-12/pdf/FR-1988-02-12.pdf
Alaska,January 2007,10,2007,12770,17120,21470,25820,30170,34520,38870,43220,4350,,1064.17,1426.67,1789.17,2151.67,2514.17,2876.67,3239.17,3601.67,3964.17,4326.67,4689.17,5051.67,5414.17,5776.67,,1383.42,1854.67,2325.92,2797.17,3268.42,3739.67,4210.92,4682.17,5153.42,5624.67,6095.92,6567.17,7038.42,7509.67,,1755.88,2354.00,2952.13,3550.25,4148.38,4746.50,5344.63,5942.75,6540.88,7139.00,7737.13,8335.25,8933.38,9531.50,,"1987 Vol. 52, No. 34, February 20, 1987, pp. 5340-5341",https://www.govinfo.gov/content/pkg/FR-1987-02-20/pdf/FR-1987-02-20.pdf
Hawaii,January 2007,10,2007,11750,15750,19750,23750,27750,31750,35750,39750,4000,,979.17,1312.50,1645.83,1979.17,2312.50,2645.83,2979.17,3312.50,3645.83,3979.17,4312.50,4645.83,4979.17,5312.50,,1272.92,1706.25,2139.58,2572.92,3006.25,3439.58,3872.92,4306.25,4739.58,5172.92,5606.25,6039.58,6472.92,6906.25,,1615.63,2165.63,2715.63,3265.63,3815.63,4365.63,4915.63,5465.63,6015.63,6565.63,7115.63,7665.63,8215.63,8765.63,,"1986 Vol. 51, No. 28, February 11, 1986, pp. 5105-5106", https://www.govinfo.gov/content/pkg/FR-1986-02-11/pdf/FR-1986-02-11.pdf
CONUS,January 2008,10,2008,10400,14000,17600,21200,24800,28400,32000,35600,3600,,866.67,1166.67,1466.67,1766.67,2066.67,2366.67,2666.67,2966.67,3266.67,3566.67,3866.67,4166.67,4466.67,4766.67,,1126.67,1516.67,1906.67,2296.67,2686.67,3076.67,3466.67,3856.67,4246.67,4636.67,5026.67,5416.67,5806.67,6196.67,,1430.00,1925.00,2420.00,2915.00,3410.00,3905.00,4400.00,4895.00,5390.00,5885.00,6380.00,6875.00,7370.00,7865.00,,"1985 Vol. 50, No. 46, March 8, 1985, pp. 9517-9518 2",https://www.govinfo.gov/content/pkg/FR-1985-03-08/pdf/FR-1985-03-08.pdf
Alaska,January 2008,10,2008,13000,17500,22000,26500,31000,35500,40000,44500,4500,,1083.33,1458.33,1833.33,2208.33,2583.33,2958.33,3333.33,3708.33,4083.33,4458.33,4833.33,5208.33,5583.33,5958.33,,1408.33,1895.83,2383.33,2870.83,3358.33,3845.83,4333.33,4820.83,5308.33,5795.83,6283.33,6770.83,7258.33,7745.83,,1787.50,2406.25,3025.00,3643.75,4262.50,4881.25,5500.00,6118.75,6737.50,7356.25,7975.00,8593.75,9212.50,9831.25,,"1984 Vol. 49, No. 39, February 27, 1984, pp. 7151-7152",https://www.govinfo.gov/content/pkg/FR-1984-02-27/pdf/FR-1984-02-27.pdf
Hawaii,January 2008,10,2008,11960,16100,20240,24380,28520,32660,36800,40940,4140,,996.67,1341.67,1686.67,2031.67,2376.67,2721.67,3066.67,3411.67,3756.67,4101.67,4446.67,4791.67,5136.67,5481.67,,1295.67,1744.17,2192.67,2641.17,3089.67,3538.17,3986.67,4435.17,4883.67,5332.17,5780.67,6229.17,6677.67,7126.17,,1644.50,2213.75,2783.00,3352.25,3921.50,4490.75,5060.00,5629.25,6198.50,6767.75,7337.00,7906.25,8475.50,9044.75,,"1983 Vol. 48, No. 34, February 17, 1983, pp. 7010-7011",https://www.govinfo.gov/content/pkg/FR-1983-02-17/pdf/FR-1983-02-17.pdf
CONUS,January 2009,10,2009,10830,14570,18310,22050,25790,29530,33270,37010,3740,,902.50,1214.17,1525.83,1837.50,2149.17,2460.83,2772.50,3084.17,3395.83,3707.50,4019.17,4330.83,4642.50,4954.17,,1173.25,1578.42,1983.58,2388.75,2793.92,3199.08,3604.25,4009.42,4414.58,4819.75,5224.92,5630.08,6035.25,6440.42,,1489.13,2003.38,2517.63,3031.88,3546.13,4060.38,4574.63,5088.88,5603.13,6117.38,6631.63,7145.88,7660.13,8174.38,,"1982 Vol. 47, No. 69, April 9, 1982, pp. 15417-15418",https://www.govinfo.gov/content/pkg/FR-1982-04-09/pdf/FR-1982-04-09.pdf
Alaska,January 2009,10,2009,13530,18210,22890,27570,32250,36930,41610,46290,4680,,1127.50,1517.50,1907.50,2297.50,2687.50,3077.50,3467.50,3857.50,4247.50,4637.50,5027.50,5417.50,5807.50,6197.50,,1465.75,1972.75,2479.75,2986.75,3493.75,4000.75,4507.75,5014.75,5521.75,6028.75,6535.75,7042.75,7549.75,8056.75,,1860.38,2503.88,3147.38,3790.88,4434.38,5077.88,5721.38,6364.88,7008.38,7651.88,8295.38,8938.88,9582.38,10225.88,,"1981 Vol. 46, No. 43, March 5, 1981, pp. 15270-15273",https://www.govinfo.gov/content/pkg/FR-1981-03-05/pdf/FR-1981-03-05.pdf
Hawaii,January 2009,10,2009,12460,16760,21060,25360,29660,33960,38260,42560,4300,,1038.33,1396.67,1755.00,2113.33,2471.67,2830.00,3188.33,3546.67,3905.00,4263.33,4621.67,4980.00,5338.33,5696.67,,1349.83,1815.67,2281.50,2747.33,3213.17,3679.00,4144.83,4610.67,5076.50,5542.33,6008.17,6474.00,6939.83,7405.67,,1713.25,2304.50,2895.75,3487.00,4078.25,4669.50,5260.75,5852.00,6443.25,7034.50,7625.75,8217.00,8808.25,9399.50,,"1980 Vol. 45, No. 78, April 21, 1980, 26713-26714",https://www.govinfo.gov/content/pkg/FR-1980-04-21/pdf/FR-1980-04-21.pdf
CONUS,January 2010,10,2010,10830,14570,18310,22050,25790,29530,33270,37010,3740,,902.50,1214.17,1525.83,1837.50,2149.17,2460.83,2772.50,3084.17,3395.83,3707.50,4019.17,4330.83,4642.50,4954.17,,1173.25,1578.42,1983.58,2388.75,2793.92,3199.08,3604.25,4009.42,4414.58,4819.75,5224.92,5630.08,6035.25,6440.42,,1489.13,2003.38,2517.63,3031.88,3546.13,4060.38,4574.63,5088.88,5603.13,6117.38,6631.63,7145.88,7660.13,8174.38,,"1979 Vol. 44, No 89, May 7, 1979, pp. 26745-26746",https://www.govinfo.gov/content/pkg/FR-1979-05-07/pdf/FR-1979-05-07.pdf
Alaska,January 2010,10,2010,13530,18210,22890,27570,32250,36930,41610,46290,4680,,1127.50,1517.50,1907.50,2297.50,2687.50,3077.50,3467.50,3857.50,4247.50,4637.50,5027.50,5417.50,5807.50,6197.50,,1465.75,1972.75,2479.75,2986.75,3493.75,4000.75,4507.75,5014.75,5521.75,6028.75,6535.75,7042.75,7549.75,8056.75,,1860.38,2503.88,3147.38,3790.88,4434.38,5077.88,5721.38,6364.88,7008.38,7651.88,8295.38,8938.88,9582.38,10225.88,,"1978 Vol. 43, No. 66, April 5, 1978, pp. 14316-14318",https://www.govinfo.gov/content/pkg/FR-1978-04-05/pdf/FR-1978-04-05.pdf
Hawaii,January 2010,10,2010,12460,16760,21060,25360,29660,33960,38260,42560,4300,,1038.33,1396.67,1755.00,2113.33,2471.67,2830.00,3188.33,3546.67,3905.00,4263.33,4621.67,4980.00,5338.33,5696.67,,1349.83,1815.67,2281.50,2747.33,3213.17,3679.00,4144.83,4610.67,5076.50,5542.33,6008.17,6474.00,6939.83,7405.67,,1713.25,2304.50,2895.75,3487.00,4078.25,4669.50,5260.75,5852.00,6443.25,7034.50,7625.75,8217.00,8808.25,9399.50,,"1977 Vol. 42, No. 79, April 25, 1977, pp. 1108-1109.",https://www.govinfo.gov/content/pkg/FR-1977-04-25/pdf/FR-1977-04-25.pdf
CONUS,January 2011,10,2011,10890,14710,18530,22350,26170,29990,33810,37630,3820,,907.50,1225.83,1544.17,1862.50,2180.83,2499.17,2817.50,3135.83,3454.17,3772.50,4090.83,4409.17,4727.50,5045.83,,1179.75,1593.58,2007.42,2421.25,2835.08,3248.92,3662.75,4076.58,4490.42,4904.25,5318.08,5731.92,6145.75,6559.58,,1497.38,2022.63,2547.88,3073.13,3598.38,4123.63,4648.88,5174.13,5699.38,6224.63,6749.88,7275.13,7800.38,8325.63,,"1976 Vol. 41, No. 66, April 5, 1976, pp. 14370-14371",https://www.govinfo.gov/content/pkg/FR-1976-04-05/pdf/FR-1976-04-05.pdf
Alaska,January 2011,10,2011,13600,18380,23160,27940,32720,37500,42280,47060,4780,,1133.33,1531.67,1930.00,2328.33,2726.67,3125.00,3523.33,3921.67,4320.00,4718.33,5116.67,5515.00,5913.33,6311.67,,1473.33,1991.17,2509.00,3026.83,3544.67,4062.50,4580.33,5098.17,5616.00,6133.83,6651.67,7169.50,7687.33,8205.17,,1870.00,2527.25,3184.50,3841.75,4499.00,5156.25,5813.50,6470.75,7128.00,7785.25,8442.50,9099.75,9757.00,10414.25,,Documents from the Office of Economic Opportunity,N/A
Hawaii,January 2011,10,2011,12540,16930,21320,25710,30100,34490,38880,43270,4390,,1045.00,1410.83,1776.67,2142.50,2508.33,2874.17,3240.00,3605.83,3971.67,4337.50,4703.33,5069.17,5435.00,5800.83,,1358.50,1834.08,2309.67,2785.25,3260.83,3736.42,4212.00,4687.58,5163.17,5638.75,6114.33,6589.92,7065.50,7541.08,,1724.25,2327.88,2931.50,3535.13,4138.75,4742.38,5346.00,5949.63,6553.25,7156.88,7760.50,8364.13,8967.75,9571.38,,"1974 Vol. 39, NO 100, May 22, 2974, pp. 17969-17979",https://www.govinfo.gov/content/pkg/FR-1974-05-22/pdf/FR-1974-05-22.pdf
CONUS,January 2012,10,2012,11170,15130,19090,23050,27010,30970,34930,38890,3960,,930.83,1260.83,1590.83,1920.83,2250.83,2580.83,2910.83,3240.83,3570.83,3900.83,4230.83,4560.83,4890.83,5220.83,,1210.08,1639.08,2068.08,2497.08,2926.08,3355.08,3784.08,4213.08,4642.08,5071.08,5500.08,5929.08,6358.08,6787.08,,1535.88,2080.38,2624.88,3169.38,3713.88,4258.38,4802.88,5347.38,5891.88,6436.38,6980.88,7525.38,8069.88,8614.38,,Documents from the Office of Economic Opportunity,N/A
Alaska,January 2012,10,2012,13970,18920,23870,28820,33770,38720,43670,48620,4950,,1164.17,1576.67,1989.17,2401.67,2814.17,3226.67,3639.17,4051.67,4464.17,4876.67,5289.17,5701.67,6114.17,6526.67,,1513.42,2049.67,2585.92,3122.17,3658.42,4194.67,4730.92,5267.17,5803.42,6339.67,6875.92,7412.17,7948.42,8484.67,,1920.88,2601.50,3282.13,3962.75,4643.38,5324.00,6004.63,6685.25,7365.88,8046.50,8727.13,9407.75,10088.38,10769.00,,Documents from the Office of Economic Opportunity,N/A
Hawaii,January 2012,10,2012,12860,17410,21960,26510,31060,35610,40160,44710,4550,,1071.67,1450.83,1830.00,2209.17,2588.33,2967.50,3346.67,3725.83,4105.00,4484.17,4863.33,5242.50,5621.67,6000.83,,1393.17,1886.08,2379.00,2871.92,3364.83,3857.75,4350.67,4843.58,5336.50,5829.42,6322.33,6815.25,7308.17,7801.08,,1768.25,2393.88,3019.50,3645.13,4270.75,4896.38,5522.00,6147.63,6773.25,7398.88,8024.50,8650.13,9275.75,9901.38,,"1972 Vol. 37, No. 7, Jan 12, 1972",https://www.govinfo.gov/content/pkg/FR-1972-01-12/pdf/FR-1972-01-12.pdf
CONUS,January 2013,10,2013,11490,15510,19530,23550,27570,31590,35610,39630,4020,,957.50,1292.50,1627.50,1962.50,2297.50,2632.50,2967.50,3302.50,3637.50,3972.50,4307.50,4642.50,4977.50,5312.50,,1244.75,1680.25,2115.75,2551.25,2986.75,3422.25,3857.75,4293.25,4728.75,5164.25,5599.75,6035.25,6470.75,6906.25,,1579.88,2132.63,2685.38,3238.13,3790.88,4343.63,4896.38,5449.13,6001.88,6554.63,7107.38,7660.13,8212.88,8765.63,,Documents from the Office of Economic Opportunity,N/A
Alaska,January 2013,10,2013,14350,19380,24410,29440,34470,39500,44530,49560,5030,,1195.83,1615.00,2034.17,2453.33,2872.50,3291.67,3710.83,4130.00,4549.17,4968.33,5387.50,5806.67,6225.83,6645.00,,1554.58,2099.50,2644.42,3189.33,3734.25,4279.17,4824.08,5369.00,5913.92,6458.83,7003.75,7548.67,8093.58,8638.50,,1973.13,2664.75,3356.38,4048.00,4739.63,5431.25,6122.88,6814.50,7506.13,8197.75,8889.38,9581.00,10272.63,10964.25,,"2004 Vol. 69, No. 30, February 13, 2004, pp. 7336-7338",https://www.govinfo.gov/content/pkg/FR-2004-02-13/pdf/04-3329.pdf
Hawaii,January 2013,10,2013,13230,17850,22470,27090,31710,36330,40950,45570,4620,,1102.50,1487.50,1872.50,2257.50,2642.50,3027.50,3412.50,3797.50,4182.50,4567.50,4952.50,5337.50,5722.50,6107.50,,1433.25,1933.75,2434.25,2934.75,3435.25,3935.75,4436.25,4936.75,5437.25,5937.75,6438.25,6938.75,7439.25,7939.75,,1819.13,2454.38,3089.63,3724.88,4360.13,4995.38,5630.63,6265.88,6901.13,7536.38,8171.63,8806.88,9442.13,10077.38,,"2003 Vol. 68, No. 26, February 7, 2003, pp. 6456-6458",https://www.govinfo.gov/content/pkg/FR-2003-02-07/pdf/03-3018.pdf
CONUS,January 2014,10,2014,11670,15730,19790,23850,27910,31970,36030,40090,4060,,972.50,1310.83,1649.17,1987.50,2325.83,2664.17,3002.50,3340.83,3679.17,4017.50,4355.83,4694.17,5032.50,5370.83,,1264.25,1704.08,2143.92,2583.75,3023.58,3463.42,3903.25,4343.08,4782.92,5222.75,5662.58,6102.42,6542.25,6982.08,,1604.63,2162.88,2721.13,3279.38,3837.63,4395.88,4954.13,5512.38,6070.63,6628.88,7187.13,7745.38,8303.63,8861.88,,"2002 Vol. 67, No. 31, February 14, 2002, pp. 6931-6933",https://www.govinfo.gov/content/pkg/FR-2002-02-14/pdf/02-3627.pdf
Alaska,January 2014,10,2014,14580,19660,24740,29820,34900,39980,45060,50140,5080,,1215.00,1638.33,2061.67,2485.00,2908.33,3331.67,3755.00,4178.33,4601.67,5025.00,5448.33,5871.67,6295.00,6718.33,,1579.50,2129.83,2680.17,3230.50,3780.83,4331.17,4881.50,5431.83,5982.17,6532.50,7082.83,7633.17,8183.50,8733.83,,2004.75,2703.25,3401.75,4100.25,4798.75,5497.25,6195.75,6894.25,7592.75,8291.25,8989.75,9688.25,10386.75,11085.25,,"2001 Vol. 66, No. 33, February 16, 2001, pp. 10695-10697",https://www.govinfo.gov/content/pkg/FR-2001-02-16/pdf/01-4036.pdf
Hawaii,January 2014,10,2014,13420,18090,22760,27430,32100,36770,41440,46110,4670,,1118.33,1507.50,1896.67,2285.83,2675.00,3064.17,3453.33,3842.50,4231.67,4620.83,5010.00,5399.17,5788.33,6177.50,,1453.83,1959.75,2465.67,2971.58,3477.50,3983.42,4489.33,4995.25,5501.17,6007.08,6513.00,7018.92,7524.83,8030.75,,1845.25,2487.38,3129.50,3771.63,4413.75,5055.88,5698.00,6340.13,6982.25,7624.38,8266.50,8908.63,9550.75,10192.88,,"2000 Vol. 65, No. 31, February 15, 2000, pp. 7555-7557",https://www.govinfo.gov/content/pkg/FR-2000-02-15/pdf/00-3478.pdf
CONUS,January 2015,10,2015,11770,15930,20090,24250,28410,32570,36730,40890,4160,,980.83,1327.50,1674.17,2020.83,2367.50,2714.17,3060.83,3407.50,3754.17,4100.83,4447.50,4794.17,5140.83,5487.50,,1275.08,1725.75,2176.42,2627.08,3077.75,3528.42,3979.08,4429.75,4880.42,5331.08,5781.75,6232.42,6683.08,7133.75,,1618.38,2190.38,2762.38,3334.38,3906.38,4478.38,5050.38,5622.38,6194.38,6766.38,7338.38,7910.38,8482.38,9054.38,,"1999 Vol. 64, No. 52, March 18, 1999, pp. 13428-13430",https://www.govinfo.gov/content/pkg/FR-1999-03-18/pdf/99-6538.pdf
Alaska,January 2015,10,2015,14720,19920,25120,30320,35520,40720,45920,51120,5200,,1226.67,1660.00,2093.33,2526.67,2960.00,3393.33,3826.67,4260.00,4693.33,5126.67,5560.00,5993.33,6426.67,6860.00,,1594.67,2158.00,2721.33,3284.67,3848.00,4411.33,4974.67,5538.00,6101.33,6664.67,7228.00,7791.33,8354.67,8918.00,,2024.00,2739.00,3454.00,4169.00,4884.00,5599.00,6314.00,7029.00,7744.00,8459.00,9174.00,9889.00,10604.00,11319.00,,"1998 Vol. 63, No. 36, February 24, 1998, pp. 9235-9238",https://www.govinfo.gov/content/pkg/FR-1998-02-24/pdf/98-4566.pdf
Hawaii,January 2015,10,2015,13550,18330,23110,27890,32670,37450,42230,47010,4780,,1129.17,1527.50,1925.83,2324.17,2722.50,3120.83,3519.17,3917.50,4315.83,4714.17,5112.50,5510.83,5909.17,6307.50,,1467.92,1985.75,2503.58,3021.42,3539.25,4057.08,4574.92,5092.75,5610.58,6128.42,6646.25,7164.08,7681.92,8199.75,,1863.13,2520.38,3177.63,3834.88,4492.13,5149.38,5806.63,6463.88,7121.13,7778.38,8435.63,9092.88,9750.13,10407.38,,"1997 Vol. 62, No. 46, March 10, 1997, pp. 10856-10859",https://www.govinfo.gov/content/pkg/FR-1997-03-10/pdf/97-5731.pdf
CONUS,January 2016,10,2016,11880,16020,20160,24300,28440,32580,36730,40890,4160,,990.00,1335.00,1680.00,2025.00,2370.00,2715.00,3060.83,3407.50,3754.17,4100.83,4447.50,4794.17,5140.83,5487.50,,1287.00,1735.50,2184.00,2632.50,3081.00,3529.50,3979.08,4429.75,4880.42,5331.08,5781.75,6232.42,6683.08,7133.75,,1633.50,2202.75,2772.00,3341.25,3910.50,4479.75,5050.38,5622.38,6194.38,6766.38,7338.38,7910.38,8482.38,9054.38,,"1996 Vol. 61, No. 43, March 4, 1996, pp. 8286-8288",https://www.govinfo.gov/content/pkg/FR-1996-03-04/pdf/96-4915.pdf
Alaska,January 2016,10,2016,14840,20020,25200,30380,35560,40740,45920,51120,5200,,1236.67,1668.33,2100.00,2531.67,2963.33,3395.00,3826.67,4260.00,4693.33,5126.67,5560.00,5993.33,6426.67,6860.00,,1607.67,2168.83,2730.00,3291.17,3852.33,4413.50,4974.67,5538.00,6101.33,6664.67,7228.00,7791.33,8354.67,8918.00,,2040.50,2752.75,3465.00,4177.25,4889.50,5601.75,6314.00,7029.00,7744.00,8459.00,9174.00,9889.00,10604.00,11319.00,,"1995 Vol. 60, No. 27, February 9, 1995, pp. 7772-7774",https://www.govinfo.gov/content/pkg/FR-1995-02-09/pdf/95-3285.pdf
Hawaii,January 2016,10,2016,13670,18430,23190,27950,32710,37470,42230,47010,4760,,1139.17,1535.83,1932.50,2329.17,2725.83,3122.50,3519.17,3917.50,4314.17,4710.83,5107.50,5504.17,5900.83,6297.50,,1480.92,1996.58,2512.25,3027.92,3543.58,4059.25,4574.92,5092.75,5608.42,6124.08,6639.75,7155.42,7671.08,8186.75,,1879.63,2534.13,3188.63,3843.13,4497.63,5152.13,5806.63,6463.88,7118.38,7772.88,8427.38,9081.88,9736.38,10390.88,,"1994 Vol. 59, No. 28, February 10, 1994, pp. 6277-6278",https://www.govinfo.gov/content/pkg/FR-1994-02-10/html/94-3229.htm
CONUS,January 2017,10,2017,12060,16240,20420,24600,28780,32960,37140,41320,4180,,1005.00,1353.33,1701.67,2050.00,2398.33,2746.67,3095.00,3443.33,3791.67,4140.00,4488.33,4836.67,5185.00,5533.33,,1306.50,1759.33,2212.17,2665.00,3117.83,3570.67,4023.50,4476.33,4929.17,5382.00,5834.83,6287.67,6740.50,7193.33,,1658.25,2233.00,2807.75,3382.50,3957.25,4532.00,5106.75,5681.50,6256.25,6831.00,7405.75,7980.50,8555.25,9130.00,,"1993 Vol. 58, No. 28, February 12, 1993, pp. 8287-8289",https://tile.loc.gov/storage-services/service/ll/fedreg/fr058/fr058028/fr058028.pdf
Alaska,January 2017,10,2017,15060,20290,25520,30750,35980,41210,46440,51670,5230,,1255.00,1690.83,2126.67,2562.50,2998.33,3434.17,3870.00,4305.83,4741.67,5177.50,5613.33,6049.17,6485.00,6920.83,,1631.50,2198.08,2764.67,3331.25,3897.83,4464.42,5031.00,5597.58,6164.17,6730.75,7297.33,7863.92,8430.50,8997.08,,2070.75,2789.88,3509.00,4228.13,4947.25,5666.38,6385.50,7104.63,7823.75,8542.88,9262.00,9981.13,10700.25,11419.38,,"1992 Vol. 57, No. 31, February 14, 1992, pp. 5455-5457",https://tile.loc.gov/storage-services/service/ll/fedreg/fr057/fr057031/fr057031.pdf
Hawaii,January 2017,10,2017,13860,18670,23480,28290,33100,37910,42720,47530,4810,,1155.00,1555.83,1956.67,2357.50,2758.33,3159.17,3560.00,3960.83,4361.67,4762.50,5163.33,5564.17,5965.00,6365.83,,1501.50,2022.58,2543.67,3064.75,3585.83,4106.92,4628.00,5149.08,5670.17,6191.25,6712.33,7233.42,7754.50,8275.58,,1905.75,2567.13,3228.50,3889.88,4551.25,5212.63,5874.00,6535.38,7196.75,7858.13,8519.50,9180.88,9842.25,10503.63,,"1991 Vol. 56, No. 34, February 20, 1991, pp. 6589-6861",https://www.govinfo.gov/content/pkg/FR-1991-02-20/pdf/FR-1991-02-20.pdf
CONUS,January 2018,10,2018,12140,16460,20780,25100,29420,33740,38060,42380,4320,,1011.67,1371.67,1731.67,2091.67,2451.67,2811.67,3171.67,3531.67,3891.67,4251.67,4611.67,4971.67,5331.67,5691.67,,1315.17,1783.17,2251.17,2719.17,3187.17,3655.17,4123.17,4591.17,5059.17,5527.17,5995.17,6463.17,6931.17,7399.17,,1669.25,2263.25,2857.25,3451.25,4045.25,4639.25,5233.25,5827.25,6421.25,7015.25,7609.25,8203.25,8797.25,9391.25,,"1990 Vol. 55, No. 33, February 16, 1990, pp. 5664-5666",https://www.govinfo.gov/content/pkg/FR-1990-02-16/pdf/FR-1990-02-16.pdf
Alaska,January 2018,10,2018,15180,20580,25980,31380,36780,42180,47580,52980,5400,,1265.00,1715.00,2165.00,2615.00,3065.00,3515.00,3965.00,4415.00,4865.00,5315.00,5765.00,6215.00,6665.00,7115.00,,1644.50,2229.50,2814.50,3399.50,3984.50,4569.50,5154.50,5739.50,6324.50,6909.50,7494.50,8079.50,8664.50,9249.50,,2087.25,2829.75,3572.25,4314.75,5057.25,5799.75,6542.25,7284.75,8027.25,8769.75,9512.25,10254.75,10997.25,11739.75,,"1989 Vol. 54, No. 31, February 16, 1989, pp. 7097-7098",https://www.govinfo.gov/content/pkg/FR-1989-02-16/pdf/FR-1989-02-16.pdf
Hawaii,January 2018,10,2018,13960,18930,23900,28870,33840,38810,43780,48750,4970,,1163.33,1577.50,1991.67,2405.83,2820.00,3234.17,3648.33,4062.50,4476.67,4890.83,5305.00,5719.17,6133.33,6547.50,,1512.33,2050.75,2589.17,3127.58,3666.00,4204.42,4742.83,5281.25,5819.67,6358.08,6896.50,7434.92,7973.33,8511.75,,1919.50,2602.88,3286.25,3969.63,4653.00,5336.38,6019.75,6703.13,7386.50,8069.88,8753.25,9436.63,10120.00,10803.38,,"1988 Vol. 53, No. 29, February 12, 1988, pp. 4213-4214",https://www.govinfo.gov/content/pkg/FR-1988-02-12/pdf/FR-1988-02-12.pdf
CONUS,January 2019,10,2019,12490,16910,21330,25750,30170,34590,39010,43430,4420,,1040.83,1409.17,1777.50,2145.83,2514.17,2882.50,3250.83,3619.17,3987.50,4355.83,4724.17,5092.50,5460.83,5829.17,,1353.08,1831.92,2310.75,2789.58,3268.42,3747.25,4226.08,4704.92,5183.75,5662.58,6141.42,6620.25,7099.08,7577.92,,1717.38,2325.13,2932.88,3540.63,4148.38,4756.13,5363.88,5971.63,6579.38,7187.13,7794.88,8402.63,9010.38,9618.13,,"1987 Vol. 52, No. 34, February 20, 1987, pp. 5340-5341",https://www.govinfo.gov/content/pkg/FR-1987-02-20/pdf/FR-1987-02-20.pdf
Alaska,January 2019,10,2019,15600,21130,26660,32190,37720,43250,48780,54310,5530,,1300.00,1760.83,2221.67,2682.50,3143.33,3604.17,4065.00,4525.83,4986.67,5447.50,5908.33,6369.17,6830.00,7290.83,,1690.00,2289.08,2888.17,3487.25,4086.33,4685.42,5284.50,5883.58,6482.67,7081.75,7680.83,8279.92,8879.00,9478.08,,2145.00,2905.38,3665.75,4426.13,5186.50,5946.88,6707.25,7467.63,8228.00,8988.38,9748.75,10509.13,11269.50,12029.88,,"1986 Vol. 51, No. 28, February 11, 1986, pp. 5105-5106", https://www.govinfo.gov/content/pkg/FR-1986-02-11/pdf/FR-1986-02-11.pdf
Hawaii,January 2019,10,2019,14380,19460,24540,29620,34700,39780,44860,49940,5080,,1198.33,1621.67,2045.00,2468.33,2891.67,3315.00,3738.33,4161.67,4585.00,5008.33,5431.67,5855.00,6278.33,6701.67,,1557.83,2108.17,2658.50,3208.83,3759.17,4309.50,4859.83,5410.17,5960.50,6510.83,7061.17,7611.50,8161.83,8712.17,,1977.25,2675.75,3374.25,4072.75,4771.25,5469.75,6168.25,6866.75,7565.25,8263.75,8962.25,9660.75,10359.25,11057.75,,"1985 Vol. 50, No. 46, March 8, 1985, pp. 9517-9518 2",https://www.govinfo.gov/content/pkg/FR-1985-03-08/pdf/FR-1985-03-08.pdf
CONUS,January 2020,10,2020,12760,17240,21720,26200,30680,35160,39640,44120,4480,,1063.33,1436.67,1810.00,2183.33,2556.67,2930.00,3303.33,3676.67,4050.00,4423.33,4796.67,5170.00,5543.33,5916.67,,1382.33,1867.67,2353.00,2838.33,3323.67,3809.00,4294.33,4779.67,5265.00,5750.33,6235.67,6721.00,7206.33,7691.67,,1754.50,2370.50,2986.50,3602.50,4218.50,4834.50,5450.50,6066.50,6682.50,7298.50,7914.50,8530.50,9146.50,9762.50,,"1984 Vol. 49, No. 39, February 27, 1984, pp. 7151-7152",https://www.govinfo.gov/content/pkg/FR-1984-02-27/pdf/FR-1984-02-27.pdf
Alaska,January 2020,10,2020,15950,21550,27150,32750,38350,43950,49550,55150,5600,,1329.17,1795.83,2262.50,2729.17,3195.83,3662.50,4129.17,4595.83,5062.50,5529.17,5995.83,6462.50,6929.17,7395.83,,1727.92,2334.58,2941.25,3547.92,4154.58,4761.25,5367.92,5974.58,6581.25,7187.92,7794.58,8401.25,9007.92,9614.58,,2193.13,2963.13,3733.13,4503.13,5273.13,6043.13,6813.13,7583.13,8353.13,9123.13,9893.13,10663.13,11433.13,12203.13,,"1983 Vol. 48, No. 34, February 17, 1983, pp. 7010-7011",https://www.govinfo.gov/content/pkg/FR-1983-02-17/pdf/FR-1983-02-17.pdf
Hawaii,January 2020,10,2020,14680,19830,24980,30130,35280,40430,45580,50730,5150,,1223.33,1652.50,2081.67,2510.83,2940.00,3369.17,3798.33,4227.50,4656.67,5085.83,5515.00,5944.17,6373.33,6802.50,,1590.33,2148.25,2706.17,3264.08,3822.00,4379.92,4937.83,5495.75,6053.67,6611.58,7169.50,7727.42,8285.33,8843.25,,2018.50,2726.63,3434.75,4142.88,4851.00,5559.13,6267.25,6975.38,7683.50,8391.63,9099.75,9807.88,10516.00,11224.13,,"1982 Vol. 47, No. 69, April 9, 1982, pp. 15417-15418",https://www.govinfo.gov/content/pkg/FR-1982-04-09/pdf/FR-1982-04-09.pdf
CONUS,February 2021,10,2021,12880,17420,21960,26500,31040,35580,40120,44660,4540,,1073.33,1451.67,1830.00,2208.33,2586.67,2965.00,3343.33,3721.67,4100.00,4478.33,4856.67,5235.00,5613.33,5991.67,,1395.33,1887.17,2379.00,2870.83,3362.67,3854.50,4346.33,4838.17,5330.00,5821.83,6313.67,6805.50,7297.33,7789.17,,1771.00,2395.25,3019.50,3643.75,4268.00,4892.25,5516.50,6140.75,6765.00,7389.25,8013.50,8637.75,9262.00,9886.25,,"1981 Vol. 46, No. 43, March 5, 1981, pp. 15270-15273",https://www.govinfo.gov/content/pkg/FR-1981-03-05/pdf/FR-1981-03-05.pdf
Alaska,February 2021,10,2021,16090,21770,27450,33130,38810,44490,50170,55850,5680,,1340.83,1814.17,2287.50,2760.83,3234.17,3707.50,4180.83,4654.17,5127.50,5600.83,6074.17,6547.50,7020.83,7494.17,,1743.08,2358.42,2973.75,3589.08,4204.42,4819.75,5435.08,6050.42,6665.75,7281.08,7896.42,8511.75,9127.08,9742.42,,2212.38,2993.38,3774.38,4555.38,5336.38,6117.38,6898.38,7679.38,8460.38,9241.38,10022.38,10803.38,11584.38,12365.38,,"1980 Vol. 45, No. 78, April 21, 1980, 26713-26714",https://www.govinfo.gov/content/pkg/FR-1980-04-21/pdf/FR-1980-04-21.pdf
Hawaii,February 2021,10,2021,14820,20040,25260,30480,35700,40920,46140,51360,5220,,1235.00,1670.00,2105.00,2540.00,2975.00,3410.00,3845.00,4280.00,4715.00,5150.00,5585.00,6020.00,6455.00,6890.00,,1605.50,2171.00,2736.50,3302.00,3867.50,4433.00,4998.50,5564.00,6129.50,6695.00,7260.50,7826.00,8391.50,8957.00,,2037.75,2755.50,3473.25,4191.00,4908.75,5626.50,6344.25,7062.00,7779.75,8497.50,9215.25,9933.00,10650.75,11368.50,,"1979 Vol. 44, No 89, May 7, 1979, pp. 26745-26746",https://www.govinfo.gov/content/pkg/FR-1979-05-07/pdf/FR-1979-05-07.pdf
CONUS,January 2022,10,2022,13590,18310,23030,27750,32470,37190,41910,46630,4720,,1132.50,1525.83,1919.17,2312.50,2705.83,3099.17,3492.50,3885.83,4279.17,4672.50,5065.83,5459.17,5852.50,6245.83,,1472.25,1983.58,2494.92,3006.25,3517.58,4028.92,4540.25,5051.58,5562.92,6074.25,6585.58,7096.92,7608.25,8119.58,,1868.63,2517.63,3166.63,3815.63,4464.63,5113.63,5762.63,6411.63,7060.63,7709.63,8358.63,9007.63,9656.63,10305.63,,"1978 Vol. 43, No. 66, April 5, 1978, pp. 14316-14318",https://www.govinfo.gov/content/pkg/FR-1978-04-05/pdf/FR-1978-04-05.pdf
Alaska,January 2022,10,2022,16990,22890,28790,34690,40590,46490,52390,58290,5900,,1415.83,1907.50,2399.17,2890.83,3382.50,3874.17,4365.83,4857.50,5349.17,5840.83,6332.50,6824.17,7315.83,7807.50,,1840.58,2479.75,3118.92,3758.08,4397.25,5036.42,5675.58,6314.75,6953.92,7593.08,8232.25,8871.42,9510.58,10149.75,,2336.13,3147.38,3958.63,4769.88,5581.13,6392.38,7203.63,8014.88,8826.13,9637.38,10448.63,11259.88,12071.13,12882.38,,"1977 Vol. 42, No. 79, April 25, 1977, pp. 1108-1109.",https://www.govinfo.gov/content/pkg/FR-1977-04-25/pdf/FR-1977-04-25.pdf
Hawaii,January 2022,10,2022,15630,21060,26490,31920,37350,42780,48210,53640,5430,,1302.50,1755.00,2207.50,2660.00,3112.50,3565.00,4017.50,4470.00,4922.50,5375.00,5827.50,6280.00,6732.50,7185.00,,1693.25,2281.50,2869.75,3458.00,4046.25,4634.50,5222.75,5811.00,6399.25,6987.50,7575.75,8164.00,8752.25,9340.50,,2149.13,2895.75,3642.38,4389.00,5135.63,5882.25,6628.88,7375.50,8122.13,8868.75,9615.38,10362.00,11108.63,11855.25,,"1976 Vol. 41, No. 66, April 5, 1976, pp. 14370-14371",https://www.govinfo.gov/content/pkg/FR-1976-04-05/pdf/FR-1976-04-05.pdf
CONUS,January 2023,10,2023,14580,19720,24860,30000,35140,40280,45420,50560,5140,,1215.00,1643.33,2071.67,2500.00,2928.33,3356.67,3785.00,4213.33,4641.67,5070.00,5498.33,5926.67,6355.00,6783.33,,1579.50,2136.33,2693.17,3250.00,3806.83,4363.67,4920.50,5477.33,6034.17,6591.00,7147.83,7704.67,8261.50,8818.33,,2004.75,2711.50,3418.25,4125.00,4831.75,5538.50,6245.25,6952.00,7658.75,8365.50,9072.25,9779.00,10485.75,11192.50,,Documents from the Office of Economic Opportunity,N/A
Alaska,January 2023,10,2023,18210,24640,31070,37500,43930,50360,56790,63220,6430,,1517.50,2053.33,2589.17,3125.00,3660.83,4196.67,4732.50,5268.33,5804.17,6340.00,6875.83,7411.67,7947.50,8483.33,,1972.75,2669.33,3365.92,4062.50,4759.08,5455.67,6152.25,6848.83,7545.42,8242.00,8938.58,9635.17,10331.75,11028.33,,2503.88,3388.00,4272.13,5156.25,6040.38,6924.50,7808.63,8692.75,9576.88,10461.00,11345.13,12229.25,13113.38,13997.50,,"1974 Vol. 39, NO 100, May 22, 2974, pp. 17969-17979",https://www.govinfo.gov/content/pkg/FR-1974-05-22/pdf/FR-1974-05-22.pdf
Hawaii,January 2023,10,2023,16770,22680,28590,34500,40410,46320,52230,58140,5910,,1397.50,1890.00,2382.50,2875.00,3367.50,3860.00,4352.50,4845.00,5337.50,5830.00,6322.50,6815.00,7307.50,7800.00,,1816.75,2457.00,3097.25,3737.50,4377.75,5018.00,5658.25,6298.50,6938.75,7579.00,8219.25,8859.50,9499.75,10140.00,,2305.88,3118.50,3931.13,4743.75,5556.38,6369.00,7181.63,7994.25,8806.88,9619.50,10432.13,11244.75,12057.38,12870.00,,Documents from the Office of Economic Opportunity,N/A
CONUS,January 2024,10,2024,15060,20440,25820,31200,36580,41960,47340,52720,5380,,1255.00,1703.33,2151.67,2600.00,3048.33,3496.67,3945.00,4393.33,4841.67,5290.00,5738.33,6186.67,6635.00,7083.33,,1631.50,2214.33,2797.17,3380.00,3962.83,4545.67,5128.50,5711.33,6294.17,6877.00,7459.83,8042.67,8625.50,9208.33,,2070.75,2810.50,3550.25,4290.00,5029.75,5769.50,6509.25,7249.00,7988.75,8728.50,9468.25,10208.00,10947.75,11687.50,,"1972 Vol. 37, No. 7, Jan 12, 1972",https://www.govinfo.gov/content/pkg/FR-1972-01-12/pdf/FR-1972-01-12.pdf
Alaska,January 2024,10,2024,18810,25540,32270,39000,45730,52460,59190,65920,6730,,1567.50,2128.33,2689.17,3250.00,3810.83,4371.67,4932.50,5493.33,6054.17,6615.00,7175.83,7736.67,8297.50,8858.33,,2037.75,2766.83,3495.92,4225.00,4954.08,5683.17,6412.25,7141.33,7870.42,8599.50,9328.58,10057.67,10786.75,11515.83,,2586.38,3511.75,4437.13,5362.50,6287.88,7213.25,8138.63,9064.00,9989.38,10914.75,11840.13,12765.50,13690.88,14616.25,,Documents from the Office of Economic Opportunity,N/A
Hawaii,January 2024,10,2024,17310,23500,29690,35880,42070,48260,54450,60640,6190,,1442.50,1958.33,2474.17,2990.00,3505.83,4021.67,4537.50,5053.33,5569.17,6085.00,6600.83,7116.67,7632.50,8148.33,,1875.25,2545.83,3216.42,3887.00,4557.58,5228.17,5898.75,6569.33,7239.92,7910.50,8581.08,9251.67,9922.25,10592.83,,2380.13,3231.25,4082.38,4933.50,5784.63,6635.75,7486.88,8338.00,9189.13,10040.25,10891.38,11742.50,12593.63,13444.75,,Documents from the Office of Economic Opportunity,N/A